plot_id,date_dir,trial_dir,date,sample_id,species,scan_level,plants_per_group,group_proportion,s_priority,trial,npts,nnd,ch_vol,npts_vol
10,Sampling_06_24_2023,Garden_Plots,06_24_2023,gp_10_06_24_2023,watermelon,plant,1,1.0,4,Garden_Plots,8661,0.0002383036747054772,0.00021528698506882582,40230021.32354232
10,Sampling_08_02_2023,Garden_Plots,08_02_2023,gp_10_08_02_2023,watermelon,plant,1,1.0,4,Garden_Plots,329112,0.001462333467753671,1.0303566352114795,319415.61664466804
10,Sampling_08_12_2023,Garden_Plots,08_12_2023,gp_10_08_12_2023,watermelon,plant,1,1.0,1,Garden_Plots,340759,0.0012149850991479817,0.8682174547520634,392481.1671717778
10,Sampling_08_25_2023,Garden_Plots,08_25_2023,gp_10_08_25_2023,watermelon,plant,1,1.0,4,Garden_Plots,256605,0.0020519610597493545,1.2985428045400143,197609.96641993467
10,Sampling_09_07_2023,Garden_Plots,09_07_2023,gp_10_09_07_2023,watermelon,plant,1,1.0,4,Garden_Plots,205655,0.0023595008332721163,1.2376798048360824,166161.7158140807
10,Sampling_09_14_2023,Garden_Plots,09_14_2023,gp_10_09_14_2023,watermelon,plant,1,1.0,2,Garden_Plots,176441,0.002521044713479436,1.3104015482123081,134646.51368941565
11,Sampling_06_24_2023,Garden_Plots,06_24_2023,gp_11_06_24_2023,watermelon,plant,1,1.0,4,Garden_Plots,156737,0.00034554862034262557,0.04425487188900596,3541689.1589496946
11,Sampling_08_02_2023,Garden_Plots,08_02_2023,gp_11_08_02_2023,watermelon,plant,1,1.0,3,Garden_Plots,463421,0.0011431046198044535,0.8861707264940294,522947.7640651023
11,Sampling_08_12_2023,Garden_Plots,08_12_2023,gp_11_08_12_2023,watermelon,plant,1,1.0,4,Garden_Plots,228310,0.00345541101779561,3.3877283324746026,67393.24337534129
11,Sampling_08_25_2023,Garden_Plots,08_25_2023,gp_11_08_25_2023,watermelon,plant,1,1.0,2,Garden_Plots,220988,0.0033547651112538434,3.440397174258897,64233.28145175665
11,Sampling_09_07_2023,Garden_Plots,09_07_2023,gp_11_09_07_2023,watermelon,plant,1,1.0,1,Garden_Plots,264879,0.0034238738524577515,2.827353191258941,93684.43985664798
11,Sampling_09_14_2023,Garden_Plots,09_14_2023,gp_11_09_14_2023,watermelon,plant,1,1.0,4,Garden_Plots,216130,0.0033059412147418954,2.6862800597752834,80456.9870566958
12,Sampling_06_24_2023,Garden_Plots,06_24_2023,gp_12_06_24_2023,watermelon,plant,1,1.0,3,Garden_Plots,24205,0.0003751667180593231,0.0017862078127267372,13551054.825501986
13,Sampling_06_24_2023,Garden_Plots,06_24_2023,gp_13_06_24_2023,watermelon,plant,1,1.0,4,Garden_Plots,83305,0.0004903446153330591,0.043546689942705184,1913004.1826280074
13,Sampling_08_02_2023,Garden_Plots,08_02_2023,gp_13_08_02_2023,watermelon,plant,1,1.0,4,Garden_Plots,678394,0.0014865242138527828,1.1300917165950668,600299.9491439343
14,Sampling_06_24_2023,Garden_Plots,06_24_2023,gp_14_06_24_2023,watermelon,plant,1,1.0,4,Garden_Plots,59682,0.0003361625555473883,0.006798426097059019,8778796.613795402
14,Sampling_08_02_2023,Garden_Plots,08_02_2023,gp_14_08_02_2023,watermelon,plant,1,1.0,1,Garden_Plots,354992,0.001934817154048163,2.1336815151108537,166375.34584516316
15,Sampling_06_24_2023,Garden_Plots,06_24_2023,gp_15_06_24_2023,watermelon,plant,1,1.0,4,Garden_Plots,108693,0.00032209036379433144,0.023606071267125037,4604451.06557698
17,Sampling_06_24_2023,Garden_Plots,06_24_2023,gp_17_06_24_2023,tomato,plant,1,1.0,4,Garden_Plots,93895,0.0003038575043370751,0.006947120199570285,13515672.293363787
17,Sampling_08_02_2023,Garden_Plots,08_02_2023,gp_17_08_02_2023,tomato,plant,1,1.0,3,Garden_Plots,143375,0.0016438812168576473,0.3304123590618681,433927.4729525288
18,Sampling_06_24_2023,Garden_Plots,06_24_2023,gp_18_06_24_2023,tomato,plant,1,1.0,4,Garden_Plots,95089,0.00026478768824268636,0.00551355467387777,17246405.563096087
18,Sampling_07_07_2023,Garden_Plots,07_07_2023,gp_18_07_07_2023,tomato,plant,1,1.0,2,Garden_Plots,437799,0.0004222923104403386,0.0925247773879593,4731694.713128517
19,Sampling_06_24_2023,Garden_Plots,06_24_2023,gp_19_06_24_2023,tomato,plant,1,1.0,4,Garden_Plots,84886,0.0002625874903868247,0.0062694227051515086,13539683.63470694
19,Sampling_08_02_2023,Garden_Plots,08_02_2023,gp_19_08_02_2023,tomato,plant,1,1.0,4,Garden_Plots,139711,0.0018164778704211455,0.35174739956478773,397191.280370125
19,Sampling_08_12_2023,Garden_Plots,08_12_2023,gp_19_08_12_2023,tomato,plant,1,1.0,3,Garden_Plots,230191,0.001801837435567127,0.7864249898244619,292705.60190537816
19,Sampling_08_25_2023,Garden_Plots,08_25_2023,gp_19_08_25_2023,tomato,plant,1,1.0,4,Garden_Plots,273910,0.002165225973890054,1.0271686288416277,266665.0755376918
19,Sampling_09_01_2023,Garden_Plots,09_01_2023,gp_19_09_01_2023,tomato,plant,1,1.0,1,Garden_Plots,268699,0.0025394499070727165,1.3179779454341805,203872.1519816348
20,Sampling_06_24_2023,Garden_Plots,06_24_2023,gp_20_06_24_2023,tomato,plant,1,1.0,2,Garden_Plots,82585,0.000238432957725483,0.004629295034250591,17839649.317872692
20,Sampling_08_02_2023,Garden_Plots,08_02_2023,gp_20_08_02_2023,tomato,plant,1,1.0,4,Garden_Plots,221787,0.0017764530014905018,0.5266839494381669,421100.73837751907
20,Sampling_08_12_2023,Garden_Plots,08_12_2023,gp_20_08_12_2023,tomato,plant,1,1.0,4,Garden_Plots,265209,0.0017205446959117575,0.9394061168897153,282315.5983677026
20,Sampling_08_25_2023,Garden_Plots,08_25_2023,gp_20_08_25_2023,tomato,plant,1,1.0,3,Garden_Plots,236208,0.002098604600618489,0.9639406242175936,245044.13867993592
20,Sampling_09_07_2023,Garden_Plots,09_07_2023,gp_20_09_07_2023,tomato,plant,1,1.0,4,Garden_Plots,282326,0.002098006913980623,1.0189441712894283,277077.00574284565
20,Sampling_09_20_2023,Garden_Plots,09_20_2023,gp_20_09_20_2023,tomato,plant,1,1.0,1,Garden_Plots,249516,0.0023963274011092254,1.5185827573112785,164308.46379540072
20,Sampling_10_02_2023,Garden_Plots,10_02_2023,gp_20_10_02_2023,tomato,plant,1,1.0,2,Garden_Plots,319477,0.0025359764759135353,1.7895982199182008,178518.84095783392
21,Sampling_06_24_2023,Garden_Plots,06_24_2023,gp_21_06_24_2023,tomato,plant,1,1.0,4,Garden_Plots,110941,0.000290972303900079,0.009218306460601162,12034856.996147761
21,Sampling_07_07_2023,Garden_Plots,07_07_2023,gp_21_07_07_2023,tomato,plant,1,1.0,4,Garden_Plots,272931,0.00027377526408151634,0.06717238366920704,4063142.992573542
22,Sampling_06_24_2023,Garden_Plots,06_24_2023,gp_22_06_24_2023,watermelon,plant,1,1.0,4,Garden_Plots,28386,0.0003035028193142723,0.0015907854658182277,17844015.179884445
22,Sampling_07_07_2023,Garden_Plots,07_07_2023,gp_22_07_07_2023,watermelon,plant,1,1.0,4,Garden_Plots,165144,0.00036686917367832994,0.03919970985342267,4212888.325385925
24,Sampling_06_24_2023,Garden_Plots,06_24_2023,gp_24_06_24_2023,watermelon,plant,1,1.0,4,Garden_Plots,40641,0.0003073232878629149,0.003647309772245082,11142733.285027131
24,Sampling_07_07_2023,Garden_Plots,07_07_2023,gp_24_07_07_2023,watermelon,plant,1,1.0,1,Garden_Plots,165144,0.00036686917367832994,0.03919970985342267,4212888.325385925
1017,Sampling_07_07_2023,Tomato_Fertilizer_Trial,07_07_2023,tf_1017_07_07_2023,tomato,plot,3,1.0,4,Tomato_Fertilizer_Trial,387331,0.0010046327238592378,0.40817263226552186,948939.1727469761
1017,Sampling_07_23_2023,Tomato_Fertilizer_Trial,07_23_2023,tf_1017_07_23_2023,tomato,plot,3,1.0,4,Tomato_Fertilizer_Trial,516855,0.001042919236241191,0.5582028981366551,925926.7583979246
1017,Sampling_08_10_2023,Tomato_Fertilizer_Trial,08_10_2023,tf_1017_08_10_2023,tomato,plot,3,1.0,4,Tomato_Fertilizer_Trial,287792,0.0012617696083070612,0.3624761206572394,793961.2669606411
1017,Sampling_08_24_2023,Tomato_Fertilizer_Trial,08_24_2023,tf_1017_08_24_2023,tomato,plot,3,1.0,3,Tomato_Fertilizer_Trial,315314,0.001293858394809571,0.5674669074737745,555651.7848832837
1026,Sampling_06_25_2023,Tomato_Fertilizer_Trial,06_25_2023,tf_1026_06_25_2023,tomato,plot,3,1.0,4,Tomato_Fertilizer_Trial,263192,0.0010581610958161954,0.6642783677118879,396207.3925522623
1026,Sampling_07_07_2023,Tomato_Fertilizer_Trial,07_07_2023,tf_1026_07_07_2023,tomato,plot,3,1.0,4,Tomato_Fertilizer_Trial,242895,0.0020390060615075663,0.6708624956619257,362063.76354418305
1026,Sampling_07_23_2023,Tomato_Fertilizer_Trial,07_23_2023,tf_1026_07_23_2023,tomato,plot,3,1.0,4,Tomato_Fertilizer_Trial,543003,0.0010185595937895475,0.6432247584826022,844188.5870204528
1026,Sampling_08_10_2023,Tomato_Fertilizer_Trial,08_10_2023,tf_1026_08_10_2023,tomato,plot,3,1.0,2,Tomato_Fertilizer_Trial,252686,0.0017424371085688322,0.5569054229512069,453732.3387173032
1026,Sampling_08_24_2023,Tomato_Fertilizer_Trial,08_24_2023,tf_1026_08_24_2023,tomato,plot,3,1.0,4,Tomato_Fertilizer_Trial,278034,0.0017444219891855784,0.7050393626379549,394352.44999614777
1033,Sampling_06_25_2023,Tomato_Fertilizer_Trial,06_25_2023,tf_1033_06_25_2023,tomato,plot,3,1.0,4,Tomato_Fertilizer_Trial,146491,0.001789292560348043,0.45048358590658927,325186.09907881496
1033,Sampling_07_07_2023,Tomato_Fertilizer_Trial,07_07_2023,tf_1033_07_07_2023,tomato,plot,3,1.0,2,Tomato_Fertilizer_Trial,314931,0.0013369535169345328,0.4286591870884513,734688.5579172617
1033,Sampling_07_23_2023,Tomato_Fertilizer_Trial,07_23_2023,tf_1033_07_23_2023,tomato,plot,3,1.0,4,Tomato_Fertilizer_Trial,215646,0.0016971965014245267,0.3965475945188769,543808.6196478859
1033,Sampling_08_10_2023,Tomato_Fertilizer_Trial,08_10_2023,tf_1033_08_10_2023,tomato,plot,3,1.0,4,Tomato_Fertilizer_Trial,169520,0.0017311447237146314,0.38265680529191387,443007.9320572382
1033,Sampling_08_24_2023,Tomato_Fertilizer_Trial,08_24_2023,tf_1033_08_24_2023,tomato,plot,3,1.0,4,Tomato_Fertilizer_Trial,235677,0.0014556215433577909,0.4687045901816629,502826.31093639415
1042,Sampling_06_25_2023,Tomato_Fertilizer_Trial,06_25_2023,tf_1042_06_25_2023,tomato,plot,3,1.0,4,Tomato_Fertilizer_Trial,238221,0.0014222483178062805,0.5697145496767295,418140.9797857061
1042,Sampling_07_07_2023,Tomato_Fertilizer_Trial,07_07_2023,tf_1042_07_07_2023,tomato,plot,3,1.0,4,Tomato_Fertilizer_Trial,235185,0.0017266138257051923,0.5785249089716529,406525.2789513404
1042,Sampling_07_23_2023,Tomato_Fertilizer_Trial,07_23_2023,tf_1042_07_23_2023,tomato,plot,3,1.0,1,Tomato_Fertilizer_Trial,179730,0.002044038954213735,0.5135511978687288,349974.8432987622
1042,Sampling_08_10_2023,Tomato_Fertilizer_Trial,08_10_2023,tf_1042_08_10_2023,tomato,plot,3,1.0,4,Tomato_Fertilizer_Trial,181827,0.0016826818688316213,0.5197111083575741,349861.67714333045
1042,Sampling_08_24_2023,Tomato_Fertilizer_Trial,08_24_2023,tf_1042_08_24_2023,tomato,plot,3,1.0,4,Tomato_Fertilizer_Trial,269073,0.001382804475845565,0.5296968170278574,507975.4896579813
1051,Sampling_06_25_2023,Tomato_Fertilizer_Trial,06_25_2023,tf_1051_06_25_2023,tomato,plot,3,1.0,4,Tomato_Fertilizer_Trial,194718,0.0017605562852969995,0.5658878289527401,344092.9280284305
1051,Sampling_07_07_2023,Tomato_Fertilizer_Trial,07_07_2023,tf_1051_07_07_2023,tomato,plot,3,1.0,4,Tomato_Fertilizer_Trial,268838,0.0017218924023146786,0.5457379559236173,492613.7115477216
1051,Sampling_07_23_2023,Tomato_Fertilizer_Trial,07_23_2023,tf_1051_07_23_2023,tomato,plot,3,1.0,4,Tomato_Fertilizer_Trial,204880,0.0020957872661107506,0.6034499063852483,339514.51119987847
1051,Sampling_08_10_2023,Tomato_Fertilizer_Trial,08_10_2023,tf_1051_08_10_2023,tomato,plot,3,1.0,4,Tomato_Fertilizer_Trial,198809,0.0017005670349780895,0.4628982940948659,429487.4328468713
1051,Sampling_08_24_2023,Tomato_Fertilizer_Trial,08_24_2023,tf_1051_08_24_2023,tomato,plot,3,1.0,2,Tomato_Fertilizer_Trial,203379,0.0017041195223229115,0.6074385160299788,334814.1328429735
1064,Sampling_06_25_2023,Tomato_Fertilizer_Trial,06_25_2023,tf_1064_06_25_2023,tomato,plot,3,1.0,4,Tomato_Fertilizer_Trial,161799,0.0013697221881266092,0.3804489160513987,425284.4289301141
1064,Sampling_07_07_2023,Tomato_Fertilizer_Trial,07_07_2023,tf_1064_07_07_2023,tomato,plot,3,1.0,4,Tomato_Fertilizer_Trial,197197,0.0016162450424154593,0.401979186573589,490565.1998574304
1064,Sampling_07_23_2023,Tomato_Fertilizer_Trial,07_23_2023,tf_1064_07_23_2023,tomato,plot,3,1.0,4,Tomato_Fertilizer_Trial,167778,0.002115144323070851,0.539321917177364,311090.63929405215
1064,Sampling_08_10_2023,Tomato_Fertilizer_Trial,08_10_2023,tf_1064_08_10_2023,tomato,plot,3,1.0,4,Tomato_Fertilizer_Trial,180178,0.0017398197024505351,0.48731751250758865,369734.30130359664
1064,Sampling_08_24_2023,Tomato_Fertilizer_Trial,08_24_2023,tf_1064_08_24_2023,tomato,plot,3,1.0,4,Tomato_Fertilizer_Trial,284694,0.0013461548729381122,0.53590743014006,531237.2697008416
1075,Sampling_06_25_2023,Tomato_Fertilizer_Trial,06_25_2023,tf_1075_06_25_2023,tomato,plot,3,1.0,4,Tomato_Fertilizer_Trial,137368,0.0017066634329670812,0.37830769512539686,363111.83137437084
1075,Sampling_07_07_2023,Tomato_Fertilizer_Trial,07_07_2023,tf_1075_07_07_2023,tomato,plot,3,1.0,4,Tomato_Fertilizer_Trial,197382,0.0017160311486155392,0.44412888791348304,444425.04275571986
1075,Sampling_07_23_2023,Tomato_Fertilizer_Trial,07_23_2023,tf_1075_07_23_2023,tomato,plot,3,1.0,3,Tomato_Fertilizer_Trial,213056,0.0017513376614839767,0.6034508813295014,353062.704176689
1075,Sampling_08_10_2023,Tomato_Fertilizer_Trial,08_10_2023,tf_1075_08_10_2023,tomato,plot,3,1.0,4,Tomato_Fertilizer_Trial,180764,0.001761341113605416,0.4242055234716394,426123.6358278704
1075,Sampling_08_24_2023,Tomato_Fertilizer_Trial,08_24_2023,tf_1075_08_24_2023,tomato,plot,3,1.0,4,Tomato_Fertilizer_Trial,283844,0.0014207830885048856,0.6243150640302214,454648.64834057546
2016,Sampling_06_25_2023,Tomato_Fertilizer_Trial,06_25_2023,tf_2016_06_25_2023,tomato,plot,3,1.0,2,Tomato_Fertilizer_Trial,226100,0.0017016395143059362,0.5607721247933124,403194.07831360237
2016,Sampling_07_07_2023,Tomato_Fertilizer_Trial,07_07_2023,tf_2016_07_07_2023,tomato,plot,3,1.0,4,Tomato_Fertilizer_Trial,223896,0.002121370572207407,0.600697906132077,372726.4532045354
2016,Sampling_07_23_2023,Tomato_Fertilizer_Trial,07_23_2023,tf_2016_07_23_2023,tomato,plot,3,1.0,4,Tomato_Fertilizer_Trial,224765,0.002136388506324575,0.7933163787599643,283323.28188071825
2016,Sampling_08_10_2023,Tomato_Fertilizer_Trial,08_10_2023,tf_2016_08_10_2023,tomato,plot,3,1.0,3,Tomato_Fertilizer_Trial,222539,0.0020685487037412752,0.7040123768399539,316100.97680227394
2016,Sampling_08_24_2023,Tomato_Fertilizer_Trial,08_24_2023,tf_2016_08_24_2023,tomato,plot,3,1.0,4,Tomato_Fertilizer_Trial,311373,0.0016843684952572626,0.7780154015078378,400214.4422803733
2027,Sampling_07_07_2023,Tomato_Fertilizer_Trial,07_07_2023,tf_2027_07_07_2023,tomato,plot,3,1.0,1,Tomato_Fertilizer_Trial,181263,0.0013302248741769392,0.25363302596241666,714666.3937481847
2027,Sampling_07_23_2023,Tomato_Fertilizer_Trial,07_23_2023,tf_2027_07_23_2023,tomato,plot,3,1.0,4,Tomato_Fertilizer_Trial,152385,0.0017673040701597117,0.39498510991562374,385799.35337955476
2027,Sampling_08_10_2023,Tomato_Fertilizer_Trial,08_10_2023,tf_2027_08_10_2023,tomato,plot,3,1.0,4,Tomato_Fertilizer_Trial,149063,0.0017879291406121425,0.34385735879330004,433502.4282252018
2027,Sampling_08_24_2023,Tomato_Fertilizer_Trial,08_24_2023,tf_2027_08_24_2023,tomato,plot,3,1.0,4,Tomato_Fertilizer_Trial,256324,0.0013770152609624462,0.46414831486577895,552245.8916480673
2035,Sampling_06_25_2023,Tomato_Fertilizer_Trial,06_25_2023,tf_2035_06_25_2023,tomato,plot,3,1.0,4,Tomato_Fertilizer_Trial,167714,0.002144918609417191,0.6228573981816306,269265.4859517189
2035,Sampling_07_07_2023,Tomato_Fertilizer_Trial,07_07_2023,tf_2035_07_07_2023,tomato,plot,3,1.0,4,Tomato_Fertilizer_Trial,242809,0.001972801638671005,0.5653758011955221,429464.7904748759
2035,Sampling_07_23_2023,Tomato_Fertilizer_Trial,07_23_2023,tf_2035_07_23_2023,tomato,plot,3,1.0,4,Tomato_Fertilizer_Trial,213114,0.0021044074711565725,0.5776226486739635,368950.21427785326
2035,Sampling_08_10_2023,Tomato_Fertilizer_Trial,08_10_2023,tf_2035_08_10_2023,tomato,plot,3,1.0,4,Tomato_Fertilizer_Trial,180334,0.002091780101172846,0.6382073372380568,282563.34497880255
2035,Sampling_08_24_2023,Tomato_Fertilizer_Trial,08_24_2023,tf_2035_08_24_2023,tomato,plot,3,1.0,4,Tomato_Fertilizer_Trial,284962,0.0017040437745764853,0.7340606455078752,388199.5332999266
2043,Sampling_06_25_2023,Tomato_Fertilizer_Trial,06_25_2023,tf_2043_06_25_2023,tomato,plot,3,1.0,4,Tomato_Fertilizer_Trial,182666,0.002115596594341686,0.6811543987163219,268171.21102681785
2043,Sampling_07_07_2023,Tomato_Fertilizer_Trial,07_07_2023,tf_2043_07_07_2023,tomato,plot,3,1.0,4,Tomato_Fertilizer_Trial,212978,0.0020159904197546703,0.5735642446595465,371323.7043331013
2043,Sampling_07_23_2023,Tomato_Fertilizer_Trial,07_23_2023,tf_2043_07_23_2023,tomato,plot,3,1.0,4,Tomato_Fertilizer_Trial,215719,0.0021059312797462345,0.5828159239830848,370132.302710145
2043,Sampling_08_10_2023,Tomato_Fertilizer_Trial,08_10_2023,tf_2043_08_10_2023,tomato,plot,3,1.0,4,Tomato_Fertilizer_Trial,179663,0.002149730085247587,0.5882743152348338,305406.84056260413
2043,Sampling_08_24_2023,Tomato_Fertilizer_Trial,08_24_2023,tf_2043_08_24_2023,tomato,plot,3,1.0,4,Tomato_Fertilizer_Trial,158047,0.0015939145770595118,0.3742299982412272,422325.8443811966
2051,Sampling_06_25_2023,Tomato_Fertilizer_Trial,06_25_2023,tf_2051_06_25_2023,tomato,plot,3,1.0,4,Tomato_Fertilizer_Trial,188985,0.00209968091939008,0.6201689984271371,304731.4530060367
2051,Sampling_07_07_2023,Tomato_Fertilizer_Trial,07_07_2023,tf_2051_07_07_2023,tomato,plot,3,1.0,3,Tomato_Fertilizer_Trial,228540,0.0020323552806925556,0.576081094657325,396714.98009484983
2051,Sampling_07_23_2023,Tomato_Fertilizer_Trial,07_23_2023,tf_2051_07_23_2023,tomato,plot,3,1.0,4,Tomato_Fertilizer_Trial,251105,0.0020978774874514006,0.7639954363521588,328673.4292536464
2051,Sampling_08_10_2023,Tomato_Fertilizer_Trial,08_10_2023,tf_2051_08_10_2023,tomato,plot,3,1.0,1,Tomato_Fertilizer_Trial,239289,0.0017432285132279576,0.5147533485849384,464861.4732819274
2051,Sampling_08_24_2023,Tomato_Fertilizer_Trial,08_24_2023,tf_2051_08_24_2023,tomato,plot,3,1.0,4,Tomato_Fertilizer_Trial,274525,0.0017792662409954632,0.7417810328232392,370088.9991149413
2062,Sampling_06_25_2023,Tomato_Fertilizer_Trial,06_25_2023,tf_2062_06_25_2023,tomato,plot,3,1.0,3,Tomato_Fertilizer_Trial,167460,0.0017910618073901275,0.5478295245181176,305679.0342712933
2062,Sampling_07_07_2023,Tomato_Fertilizer_Trial,07_07_2023,tf_2062_07_07_2023,tomato,plot,3,1.0,4,Tomato_Fertilizer_Trial,198319,0.002129426603361073,0.48828825751217286,406151.48316372524
2062,Sampling_07_23_2023,Tomato_Fertilizer_Trial,07_23_2023,tf_2062_07_23_2023,tomato,plot,3,1.0,2,Tomato_Fertilizer_Trial,282585,0.001753904025013193,0.6351032126893645,444943.4270744513
2062,Sampling_08_10_2023,Tomato_Fertilizer_Trial,08_10_2023,tf_2062_08_10_2023,tomato,plot,3,1.0,4,Tomato_Fertilizer_Trial,194145,0.002108291656489533,0.5889540187660047,329643.7307733782
2062,Sampling_08_24_2023,Tomato_Fertilizer_Trial,08_24_2023,tf_2062_08_24_2023,tomato,plot,3,1.0,4,Tomato_Fertilizer_Trial,258960,0.001765576523584959,0.6225121628275121,415991.87206845556
2074,Sampling_06_25_2023,Tomato_Fertilizer_Trial,06_25_2023,tf_2074_06_25_2023,tomato,plot,3,1.0,4,Tomato_Fertilizer_Trial,84298,0.0019719116449694075,0.45288014150337036,186137.5500373373
2074,Sampling_07_07_2023,Tomato_Fertilizer_Trial,07_07_2023,tf_2074_07_07_2023,tomato,plot,3,1.0,4,Tomato_Fertilizer_Trial,253448,0.0015852608553175887,0.4144657780828538,611505.2518264474
2074,Sampling_07_23_2023,Tomato_Fertilizer_Trial,07_23_2023,tf_2074_07_23_2023,tomato,plot,3,1.0,4,Tomato_Fertilizer_Trial,212978,0.002127983796658814,0.604829896421416,352128.75762279995
2074,Sampling_08_10_2023,Tomato_Fertilizer_Trial,08_10_2023,tf_2074_08_10_2023,tomato,plot,3,1.0,4,Tomato_Fertilizer_Trial,242904,0.0017863266662266775,0.5834429264027512,416328.6398853744
2074,Sampling_08_24_2023,Tomato_Fertilizer_Trial,08_24_2023,tf_2074_08_24_2023,tomato,plot,3,1.0,1,Tomato_Fertilizer_Trial,277535,0.0017112878259087948,0.6509144543025823,426377.07330890803
10171,Sampling_06_25_2023,Tomato_Fertilizer_Trial,06_25_2023,tf_10171_06_25_2023,tomato,plant,1,1.0,1,Tomato_Fertilizer_Trial,165145,0.0005690030667087164,0.06757951079242241,2443714.0497696153
10172,Sampling_06_25_2023,Tomato_Fertilizer_Trial,06_25_2023,tf_10172_06_25_2023,tomato,plant,1,1.0,1,Tomato_Fertilizer_Trial,175249,0.0004609917713167577,0.040511681081099454,4325888.122222646
10173,Sampling_06_25_2023,Tomato_Fertilizer_Trial,06_25_2023,tf_10173_06_25_2023,tomato,plant,1,1.0,1,Tomato_Fertilizer_Trial,211003,0.00039282830334350696,0.06518710454539944,3236882.5317750894
20271,Sampling_06_25_2023,Tomato_Fertilizer_Trial,06_25_2023,tf_20271_06_25_2023,tomato,plant,1,1.0,4,Tomato_Fertilizer_Trial,201467,0.0004227566998039643,0.04189179275456819,4809223.639110803
20272,Sampling_06_25_2023,Tomato_Fertilizer_Trial,06_25_2023,tf_20272_06_25_2023,tomato,plant,1,1.0,4,Tomato_Fertilizer_Trial,164316,0.00044910852098263305,0.06524778847914221,2518338.227701418
20273,Sampling_06_25_2023,Tomato_Fertilizer_Trial,06_25_2023,tf_20273_06_25_2023,tomato,plant,1,1.0,4,Tomato_Fertilizer_Trial,138996,0.00048509897824425903,0.04090832787714234,3397743.3743427205
02,Sampling_06_24_2023,Garden_Plots,06_24_2023,gp_02_06_24_2023,tomato,plant,1,1.0,1,Garden_Plots,267818,0.0006309324306238984,0.18045874792399758,1484095.4128352639
03,Sampling_06_24_2023,Garden_Plots,06_24_2023,gp_03_06_24_2023,tomato,plant,1,1.0,4,Garden_Plots,416071,0.0004742120607702416,0.1512032672323574,2751732.8667284315
03,Sampling_08_02_2023,Garden_Plots,08_02_2023,gp_03_08_02_2023,tomato,plant,1,1.0,4,Garden_Plots,174814,0.0009100738263444355,0.1768596665073861,988433.3915822426
03,Sampling_08_12_2023,Garden_Plots,08_12_2023,gp_03_08_12_2023,tomato,plant,1,1.0,4,Garden_Plots,286952,0.0009041092041741025,0.2665210002665884,1076658.123423578
03,Sampling_08_25_2023,Garden_Plots,08_25_2023,gp_03_08_25_2023,tomato,plant,1,1.0,4,Garden_Plots,207425,0.0007854185590542588,0.28767130729465384,721048.6229950638
03,Sampling_09_07_2023,Garden_Plots,09_07_2023,gp_03_09_07_2023,tomato,plant,1,1.0,2,Garden_Plots,220267,0.0012898344185057228,0.2650938630726996,830901.9207268248
03,Sampling_09_20_2023,Garden_Plots,09_20_2023,gp_03_09_20_2023,tomato,plant,1,1.0,4,Garden_Plots,232083,0.001216542247578179,0.31365003637692085,739942.52537277
03,Sampling_10_04_2023,Garden_Plots,10_04_2023,gp_03_10_04_2023,tomato,plant,1,1.0,3,Garden_Plots,212550,0.0012595091073247,0.4097929063311527,518676.6210839161
04,Sampling_06_24_2023,Garden_Plots,06_24_2023,gp_04_06_24_2023,tomato,plant,1,1.0,4,Garden_Plots,369059,0.0006106812499554835,0.15327542250493076,2407815.904002011
04,Sampling_08_02_2023,Garden_Plots,08_02_2023,gp_04_08_02_2023,tomato,plant,1,1.0,4,Garden_Plots,138477,0.0010983531647964827,0.332064367060075,417018.5474159822
04,Sampling_08_12_2023,Garden_Plots,08_12_2023,gp_04_08_12_2023,tomato,plant,1,1.0,4,Garden_Plots,152930,0.0012614151773557337,0.22868800162772301,668727.6941137994
04,Sampling_08_25_2023,Garden_Plots,08_25_2023,gp_04_08_25_2023,tomato,plant,1,1.0,4,Garden_Plots,147984,0.0013809439647300386,0.24790543260268819,596937.3016410263
04,Sampling_09_07_2023,Garden_Plots,09_07_2023,gp_04_09_07_2023,tomato,plant,1,1.0,4,Garden_Plots,192039,0.0013205124910310125,0.2690235480140312,713837.1396023072
04,Sampling_09_20_2023,Garden_Plots,09_20_2023,gp_04_09_20_2023,tomato,plant,1,1.0,2,Garden_Plots,198898,0.0012932850357139987,0.3197362531823925,622068.9647180524
04,Sampling_10_04_2023,Garden_Plots,10_04_2023,gp_04_10_04_2023,tomato,plant,1,1.0,4,Garden_Plots,196205,0.0013871086527611689,0.3509563212103193,559058.1737447017
05,Sampling_06_24_2023,Garden_Plots,06_24_2023,gp_05_06_24_2023,tomato,plant,1,1.0,3,Garden_Plots,251776,0.000727826888610809,0.18460163042041036,1363888.2789204365
05,Sampling_08_02_2023,Garden_Plots,08_02_2023,gp_05_08_02_2023,tomato,plant,1,1.0,1,Garden_Plots,162790,0.0011928535711415425,0.37283439797746654,436628.1675808216
05,Sampling_08_12_2023,Garden_Plots,08_12_2023,gp_05_08_12_2023,tomato,plant,1,1.0,2,Garden_Plots,166899,0.0014120675037186654,0.43541580183642015,383309.469468225
05,Sampling_08_25_2023,Garden_Plots,08_25_2023,gp_05_08_25_2023,tomato,plant,1,1.0,4,Garden_Plots,200363,0.0013540041422116025,0.4714989951605392,424948.9438079906
05,Sampling_09_01_2023,Garden_Plots,09_01_2023,gp_05_09_01_2023,tomato,plant,1,1.0,4,Garden_Plots,235620,0.0016946539807981935,0.6721880446653521,350526.9126250276
06,Sampling_06_24_2023,Garden_Plots,06_24_2023,gp_06_06_24_2023,tomato,plant,1,1.0,3,Garden_Plots,260927,0.0006197570854302649,0.1382466091371038,1887402.5310901473
06,Sampling_08_02_2023,Garden_Plots,08_02_2023,gp_06_08_02_2023,tomato,plant,1,1.0,4,Garden_Plots,151695,0.0016700041558265234,0.39177496463272865,387199.3202582692
06,Sampling_08_12_2023,Garden_Plots,08_12_2023,gp_06_08_12_2023,tomato,plant,1,1.0,4,Garden_Plots,210924,0.0012775425812796976,0.42994873901408504,490579.4129869286
06,Sampling_08_25_2023,Garden_Plots,08_25_2023,gp_06_08_25_2023,tomato,plant,1,1.0,1,Garden_Plots,198660,0.0018138161863377887,0.7179790600192666,276693.3063405346
06,Sampling_09_01_2023,Garden_Plots,09_01_2023,gp_06_09_01_2023,tomato,plant,1,1.0,4,Garden_Plots,184212,0.002087579512202714,0.6231796775167253,295600.1401298199
07,Sampling_06_24_2023,Garden_Plots,06_24_2023,gp_07_06_24_2023,tomato,plant,1,1.0,4,Garden_Plots,312057,0.0007344419233883957,0.20093835903900537,1552998.6484035372
07,Sampling_08_02_2023,Garden_Plots,08_02_2023,gp_07_08_02_2023,tomato,plant,1,1.0,4,Garden_Plots,151158,0.0011888780908697722,0.42810541559716564,353085.9327933266
08,Sampling_06_24_2023,Garden_Plots,06_24_2023,gp_08_06_24_2023,tomato,plant,1,1.0,4,Garden_Plots,229638,0.0006809412549490605,0.19169858789297506,1197911.7974943374
08,Sampling_08_02_2023,Garden_Plots,08_02_2023,gp_08_08_02_2023,tomato,plant,1,1.0,4,Garden_Plots,128418,0.0016036497968638255,0.24128904929151712,532216.4448700272
09,Sampling_06_24_2023,Garden_Plots,06_24_2023,gp_09_06_24_2023,tomato,plant,1,1.0,4,Garden_Plots,180106,0.0007649067862590638,0.15531692893350177,1159603.1497449423
12B4,Sampling_07_06_2023,Personal-Sized_Watermelons,07_06_2023,pw_12B4_07_06_2023,watermelon,plot,9,1.0,4,Watermelon_Variety_Trial,251124,0.005983368357856539,9.583164527340207,26204.70506204479
12B4,Sampling_07_24_2023,Personal-Sized_Watermelons,07_24_2023,pw_12B4_07_24_2023,watermelon,plot,9,1.0,4,Watermelon_Variety_Trial,270433,0.006064992306041898,12.617408935602604,21433.322909659993
12B4,Sampling_08_11_2023,Personal-Sized_Watermelons,08_11_2023,pw_12B4_08_11_2023,watermelon,plot,9,1.0,4,Watermelon_Variety_Trial,343346,0.0060304757634898915,17.960670128036266,19116.547297644724
12B41,Sampling_06_25_2023,Personal-Sized_Watermelons,06_25_2023,pw_12B41_06_25_2023,watermelon,plot,3,1.0,1,Watermelon_Variety_Trial,171881,0.0032745483728597946,1.588224207511302,108222.12581014124
12B42,Sampling_06_25_2023,Personal-Sized_Watermelons,06_25_2023,pw_12B42_06_25_2023,watermelon,plot,3,1.0,1,Watermelon_Variety_Trial,205044,0.0033555780233442767,2.0816716607286665,98499.68362840977
12B43,Sampling_06_25_2023,Personal-Sized_Watermelons,06_25_2023,pw_12B43_06_25_2023,watermelon,plot,3,1.0,1,Watermelon_Variety_Trial,215246,0.0032511481502723095,2.080864025128303,103440.68492737206
22A29,Sampling_06_25_2023,Seedless_Watermelon_Variety_Trial,06_25_2023,sw_22A29_06_25_2023,watermelon,plot,15,0.25,1,Watermelon_Variety_Trial,153719,0.002337679793368279,0.684705533698867,224503.80847601782
28A1,Sampling_06_25_2023,Seedless_Watermelon_Variety_Trial,06_25_2023,sw_28A1_06_25_2023,watermelon,plot,15,0.25,4,Watermelon_Variety_Trial,133407,0.0023168031269459517,0.5118165762273744,260653.92602824565
49B29,Sampling_06_25_2023,Seedless_Watermelon_Variety_Trial,06_25_2023,sw_49B29_06_25_2023,watermelon,plot,15,0.25,4,Watermelon_Variety_Trial,239291,0.0015259775028213347,0.8148644720063226,293657.42184197635
50B1,Sampling_06_25_2023,Seedless_Watermelon_Variety_Trial,06_25_2023,sw_50B1_06_25_2023,watermelon,plot,15,0.25,4,Watermelon_Variety_Trial,262213,0.0013298247655535883,0.6912629298587252,379324.55028883007
24C4,Sampling_07_06_2023,Personal-Sized_Watermelons,07_06_2023,pw_24C4_07_06_2023,watermelon,plot,9,1.0,3,Watermelon_Variety_Trial,254667,0.005969636196059267,10.366229998985254,24566.98337051457
24C4,Sampling_07_24_2023,Personal-Sized_Watermelons,07_24_2023,pw_24C4_07_24_2023,watermelon,plot,9,1.0,4,Watermelon_Variety_Trial,279445,0.006166098002710311,14.09550000429984,19825.121486627304
24C4,Sampling_08_11_2023,Personal-Sized_Watermelons,08_11_2023,pw_24C4_08_11_2023,watermelon,plot,9,1.0,2,Watermelon_Variety_Trial,293433,0.00614121387919168,17.955874794507704,16341.893856920551
24C41,Sampling_06_25_2023,Personal-Sized_Watermelons,06_25_2023,pw_24C41_06_25_2023,watermelon,plot,3,1.0,4,Watermelon_Variety_Trial,193272,0.003352625338447285,2.182569903879496,88552.49018895613
24C42,Sampling_06_25_2023,Personal-Sized_Watermelons,06_25_2023,pw_24C42_06_25_2023,watermelon,plot,3,1.0,4,Watermelon_Variety_Trial,164329,0.0033923783329027728,1.8723317030728759,87767.03387028206
24C43,Sampling_06_25_2023,Personal-Sized_Watermelons,06_25_2023,pw_24C43_06_25_2023,watermelon,plot,3,1.0,4,Watermelon_Variety_Trial,177011,0.003310745449517005,1.7593213219474475,100613.22954016212
72C29,Sampling_06_25_2023,Seedless_Watermelon_Variety_Trial,06_25_2023,sw_72C29_06_25_2023,watermelon,plot,15,0.25,4,Watermelon_Variety_Trial,203142,0.0013550329730653325,0.5041165491672028,402966.3385095951
82C1,Sampling_06_25_2023,Seedless_Watermelon_Variety_Trial,06_25_2023,sw_82C1_06_25_2023,watermelon,plot,15,0.25,2,Watermelon_Variety_Trial,76299,0.001776540043843607,0.573793874600798,132972.838117317
22A29,Sampling_07_06_2023,Seedless_Watermelon_Variety_Trial,07_06_2023,sw_22A29_07_06_2023,watermelon,plot,15,0.25,4,Watermelon_Variety_Trial,172792,0.0030744176582956084,1.2112445359796888,142656.57748477763
28A1,Sampling_07_06_2023,Seedless_Watermelon_Variety_Trial,07_06_2023,sw_28A1_07_06_2023,watermelon,plot,15,0.25,4,Watermelon_Variety_Trial,297711,0.001543508604685953,1.4209805039650454,209510.96737026266
35A4,Sampling_07_06_2023,Personal-Sized_Watermelons,07_06_2023,pw_35A4_07_06_2023,watermelon,plot,9,1.0,4,Watermelon_Variety_Trial,288733,0.005993159332779815,11.567795668078428,24960.070897237983
35A4,Sampling_07_24_2023,Personal-Sized_Watermelons,07_24_2023,pw_35A4_07_24_2023,watermelon,plot,9,1.0,1,Watermelon_Variety_Trial,323060,0.006004357653162949,13.807568079568105,23397.313570233375
35A4,Sampling_08_11_2023,Personal-Sized_Watermelons,08_11_2023,pw_35A4_08_11_2023,watermelon,plot,9,1.0,4,Watermelon_Variety_Trial,265464,0.005919268052944432,12.69605304792632,20909.175394738835
35A41,Sampling_06_25_2023,Personal-Sized_Watermelons,06_25_2023,pw_35A41_06_25_2023,watermelon,plot,3,1.0,4,Watermelon_Variety_Trial,176468,0.0033676225805365843,1.9504174154074505,90477.04281451726
35A42,Sampling_06_25_2023,Personal-Sized_Watermelons,06_25_2023,pw_35A42_06_25_2023,watermelon,plot,3,1.0,4,Watermelon_Variety_Trial,204961,0.003336338233566808,2.003488120107226,102302.07903056125
35A43,Sampling_06_25_2023,Personal-Sized_Watermelons,06_25_2023,pw_35A43_06_25_2023,watermelon,plot,3,1.0,4,Watermelon_Variety_Trial,200970,0.0032736839532180794,1.8049012606717632,111346.8112517143
49B29,Sampling_07_06_2023,Seedless_Watermelon_Variety_Trial,07_06_2023,sw_49B29_07_06_2023,watermelon,plot,15,0.25,2,Watermelon_Variety_Trial,271368,0.002245353997545052,1.113911221500844,243617.2603004829
50B1,Sampling_07_06_2023,Seedless_Watermelon_Variety_Trial,07_06_2023,sw_50B1_07_06_2023,watermelon,plot,15,0.25,1,Watermelon_Variety_Trial,140715,0.0030799899130280793,1.0540692319554101,133496.92385855792
72C29,Sampling_07_06_2023,Seedless_Watermelon_Variety_Trial,07_06_2023,sw_72C29_07_06_2023,watermelon,plot,15,0.25,4,Watermelon_Variety_Trial,221395,0.0022043116243798764,0.940481044035783,235406.12690071025
82C1,Sampling_07_06_2023,Seedless_Watermelon_Variety_Trial,07_06_2023,sw_82C1_07_06_2023,watermelon,plot,15,0.25,4,Watermelon_Variety_Trial,200796,0.0022324352033673573,0.9530400278443507,210689.9963626646
22A29,Sampling_07_24_2023,Seedless_Watermelon_Variety_Trial,07_24_2023,sw_22A29_07_24_2023,watermelon,plot,15,0.25,4,Watermelon_Variety_Trial,724749,0.0012397639813511564,1.9961398345430215,363075.26529869466
28A1,Sampling_07_24_2023,Seedless_Watermelon_Variety_Trial,07_24_2023,sw_28A1_07_24_2023,watermelon,plot,15,0.25,2,Watermelon_Variety_Trial,331345,0.0014509732090757907,1.7321280132161667,191293.59808965152
49B29,Sampling_07_24_2023,Seedless_Watermelon_Variety_Trial,07_24_2023,sw_49B29_07_24_2023,watermelon,plot,15,0.25,4,Watermelon_Variety_Trial,398390,0.0012545118678398684,1.6235410009061424,245383.39332215677
50B1,Sampling_07_24_2023,Seedless_Watermelon_Variety_Trial,07_24_2023,sw_50B1_07_24_2023,watermelon,plot,15,0.25,4,Watermelon_Variety_Trial,570127,0.001488355783370493,2.1406513829241973,266333.4182052514
72C29,Sampling_07_24_2023,Seedless_Watermelon_Variety_Trial,07_24_2023,sw_72C29_07_24_2023,watermelon,plot,15,0.25,1,Watermelon_Variety_Trial,448601,0.001190420440643563,1.3428932306450403,334055.5970965173
82C1,Sampling_07_24_2023,Seedless_Watermelon_Variety_Trial,07_24_2023,sw_82C1_07_24_2023,watermelon,plot,15,0.25,4,Watermelon_Variety_Trial,701837,0.0014010001440487112,1.814508786611625,386791.7340376155
22A29,Sampling_08_11_2023,Seedless_Watermelon_Variety_Trial,08_11_2023,sw_22A29_08_11_2023,watermelon,plot,15,0.25,4,Watermelon_Variety_Trial,249226,0.002449202020512284,1.4810484264486536,168276.7393349919
28A1,Sampling_08_11_2023,Seedless_Watermelon_Variety_Trial,08_11_2023,sw_28A1_08_11_2023,watermelon,plot,15,0.25,1,Watermelon_Variety_Trial,223044,0.002417817542878554,0.9829522089712304,226912.35439965138
49B29,Sampling_08_11_2023,Seedless_Watermelon_Variety_Trial,08_11_2023,sw_49B29_08_11_2023,watermelon,plot,15,0.25,2,Watermelon_Variety_Trial,252851,0.002102714455082163,1.1731574647145173,215530.31677766307
50B1,Sampling_08_11_2023,Seedless_Watermelon_Variety_Trial,08_11_2023,sw_50B1_08_11_2023,watermelon,plot,15,0.25,4,Watermelon_Variety_Trial,210462,0.0024711120261281445,0.9859952397212334,213451.33477470247
72C29,Sampling_08_11_2023,Seedless_Watermelon_Variety_Trial,08_11_2023,sw_72C29_08_11_2023,watermelon,plot,15,0.25,4,Watermelon_Variety_Trial,266771,0.002450091385408521,1.715188777730388,155534.48312144564
82C1,Sampling_08_11_2023,Seedless_Watermelon_Variety_Trial,08_11_2023,sw_82C1_08_11_2023,watermelon,plot,15,0.25,4,Watermelon_Variety_Trial,169577,0.0022843434389590886,0.8966203997110938,189129.0896957515
Big_Beef,Sampling_Day_Zero,Transplant-Age_Plants,Day_Zero,ta_Big_Beef_Day_Zero,tomato,plant,1,1.0,1,Transplant-Age_Plants,161046,0.0002822363020048653,0.024253309506586208,6640165.95163091
German_Johnson,Sampling_Day_Zero,Transplant-Age_Plants,Day_Zero,ta_German_Johnson_Day_Zero,tomato,plant,1,1.0,4,Transplant-Age_Plants,78453,0.00023754172223462974,0.00654871100097993,11979914.824193725
Mambo,Sampling_Day_Zero,Transplant-Age_Plants,Day_Zero,ta_Mambo_Day_Zero,watermelon,plant,1,1.0,2,Transplant-Age_Plants,115431,0.000183304731229664,0.010243919149251345,11268245.904540943
R1C4,Sampling_07_04_2023,Pepper_Variety_Trial,07_04_2023,pv_R1C4_07_04_2023,pepper,plot,5,1.0,4,Pepper_Variety_Trial,306563,0.0012459593307148004,0.8038145286553431,381385.24382338836
R1C4,Sampling_07_21_2023,Pepper_Variety_Trial,07_21_2023,pv_R1C4_07_21_2023,pepper,plot,5,1.0,4,Pepper_Variety_Trial,152503,0.003389629274129466,1.1154014266542975,136724.76684689242
R1C4,Sampling_08_12_2023,Pepper_Variety_Trial,08_12_2023,pv_R1C4_08_12_2023,pepper,plot,5,1.0,2,Pepper_Variety_Trial,233813,0.0024002840669899712,1.158964458290098,201743.02872493674
R1C4,Sampling_08_26_2023,Pepper_Variety_Trial,08_26_2023,pv_R1C4_08_26_2023,pepper,plot,5,1.0,4,Pepper_Variety_Trial,190748,0.0032993503824448114,1.3027732072952645,146416.88893496586
R1C4,Sampling_09_08_2023,Pepper_Variety_Trial,09_08_2023,pv_R1C4_09_08_2023,pepper,plot,5,1.0,4,Pepper_Variety_Trial,216526,0.0032481754539264492,1.4252104587417,151925.63222639274
R1C4,Sampling_09_21_2023,Pepper_Variety_Trial,09_21_2023,pv_R1C4_09_21_2023,pepper,plot,5,1.0,4,Pepper_Variety_Trial,225511,0.003221476110338111,1.5285774384500177,147529.98070458823
R1C4,Sampling_10_05_2023,Pepper_Variety_Trial,10_05_2023,pv_R1C4_10_05_2023,pepper,plot,5,1.0,4,Pepper_Variety_Trial,322361,0.0023011956971930557,1.410959611060327,228469.3321290379
R1C4,Sampling_10_20_2023,Pepper_Variety_Trial,10_20_2023,pv_R1C4_10_20_2023,pepper,plot,5,1.0,1,Pepper_Variety_Trial,201946,0.0031903107329435457,1.4292978954049322,141290.35007274462
R1C41,Sampling_06_22_2023,Pepper_Variety_Trial,06_22_2023,pv_R1C41_06_22_2023,pepper,plant,1,1.0,1,Pepper_Variety_Trial,155315,0.0004758520756818796,0.020789440998562794,7470859.847108788
R1C42,Sampling_06_22_2023,Pepper_Variety_Trial,06_22_2023,pv_R1C42_06_22_2023,pepper,plant,1,1.0,1,Pepper_Variety_Trial,260270,0.0005197779653472046,0.056610607579940186,4597548.253345827
R1C43,Sampling_06_22_2023,Pepper_Variety_Trial,06_22_2023,pv_R1C43_06_22_2023,pepper,plant,1,1.0,1,Pepper_Variety_Trial,246553,0.0003723260068972895,0.035471789104141706,6950678.446924244
R1C44,Sampling_06_22_2023,Pepper_Variety_Trial,06_22_2023,pv_R1C44_06_22_2023,pepper,plant,1,1.0,1,Pepper_Variety_Trial,401114,0.00038036295929313606,0.04581888581077378,8754337.712543912
R1C45,Sampling_06_22_2023,Pepper_Variety_Trial,06_22_2023,pv_R1C45_06_22_2023,pepper,plant,1,1.0,1,Pepper_Variety_Trial,408717,0.00031298678164127695,0.044000836619767454,9288846.108357476
R1C7,Sampling_07_04_2023,Pepper_Variety_Trial,07_04_2023,pv_R1C7_07_04_2023,pepper,plot,5,1.0,1,Pepper_Variety_Trial,165196,0.0021711737301667957,0.6373805943077431,259179.52550692073
R1C7,Sampling_07_21_2023,Pepper_Variety_Trial,07_21_2023,pv_R1C7_07_21_2023,pepper,plot,5,1.0,4,Pepper_Variety_Trial,211189,0.002543137973710881,1.0594357811411148,199341.01128105095
R1C7,Sampling_08_12_2023,Pepper_Variety_Trial,08_12_2023,pv_R1C7_08_12_2023,pepper,plot,5,1.0,4,Pepper_Variety_Trial,220192,0.0025278342626236603,1.3407771048994124,164227.14796917659
R1C7,Sampling_08_26_2023,Pepper_Variety_Trial,08_26_2023,pv_R1C7_08_26_2023,pepper,plot,5,1.0,2,Pepper_Variety_Trial,245715,0.0023807974659519966,1.4153158021453096,173611.42977952323
R1C7,Sampling_09_08_2023,Pepper_Variety_Trial,09_08_2023,pv_R1C7_09_08_2023,pepper,plot,5,1.0,4,Pepper_Variety_Trial,181473,0.0033046496842304585,1.5079859404193439,120341.30765803799
R1C7,Sampling_09_21_2023,Pepper_Variety_Trial,09_21_2023,pv_R1C7_09_21_2023,pepper,plot,5,1.0,4,Pepper_Variety_Trial,320007,0.002293025005902287,1.5174767997087877,210880.9835256863
R1C7,Sampling_10_05_2023,Pepper_Variety_Trial,10_05_2023,pv_R1C7_10_05_2023,pepper,plot,5,1.0,4,Pepper_Variety_Trial,320651,0.0023470550221231386,1.6176998647937368,198214.1477404922
R1C7,Sampling_10_20_2023,Pepper_Variety_Trial,10_20_2023,pv_R1C7_10_20_2023,pepper,plot,5,1.0,4,Pepper_Variety_Trial,253697,0.002372672846550605,1.4562912397675865,174207.59877707443
R1C71,Sampling_06_22_2023,Pepper_Variety_Trial,06_22_2023,pv_R1C71_06_22_2023,pepper,plant,1,1.0,4,Pepper_Variety_Trial,426702,0.0004986040061036873,0.07662960441836479,5568370.12586402
R1C72,Sampling_06_22_2023,Pepper_Variety_Trial,06_22_2023,pv_R1C72_06_22_2023,pepper,plant,1,1.0,4,Pepper_Variety_Trial,215252,0.0006012387736182797,0.07087972208248698,3036862.9232137557
R1C73,Sampling_06_22_2023,Pepper_Variety_Trial,06_22_2023,pv_R1C73_06_22_2023,pepper,plant,1,1.0,4,Pepper_Variety_Trial,430938,0.00039399531119166875,0.05760835684448188,7480477.201655825
R1C74,Sampling_06_22_2023,Pepper_Variety_Trial,06_22_2023,pv_R1C74_06_22_2023,pepper,plant,1,1.0,4,Pepper_Variety_Trial,432152,0.0003691441336069204,0.06960377605382437,6208743.612786443
R1C75,Sampling_06_22_2023,Pepper_Variety_Trial,06_22_2023,pv_R1C75_06_22_2023,pepper,plant,1,1.0,4,Pepper_Variety_Trial,364218,0.0006161267741649399,0.08838408531294431,4120855.001331992
R2C4,Sampling_07_04_2023,Pepper_Variety_Trial,07_04_2023,pv_R2C4_07_04_2023,pepper,plot,5,1.0,4,Pepper_Variety_Trial,173803,0.002525335854629565,0.707349750696927,245710.13113209978
R2C4,Sampling_07_21_2023,Pepper_Variety_Trial,07_21_2023,pv_R2C4_07_21_2023,pepper,plot,5,1.0,1,Pepper_Variety_Trial,231868,0.0024952226384616235,1.15045111664708,201545.28657920312
R2C4,Sampling_08_12_2023,Pepper_Variety_Trial,08_12_2023,pv_R2C4_08_12_2023,pepper,plot,5,1.0,4,Pepper_Variety_Trial,235350,0.002373270398215548,1.3814202996699718,170368.1349233295
R2C4,Sampling_08_26_2023,Pepper_Variety_Trial,08_26_2023,pv_R2C4_08_26_2023,pepper,plot,5,1.0,4,Pepper_Variety_Trial,279497,0.0023717726012227693,1.6695876391338786,167404.80909704918
R2C4,Sampling_09_08_2023,Pepper_Variety_Trial,09_08_2023,pv_R2C4_09_08_2023,pepper,plot,5,1.0,2,Pepper_Variety_Trial,221878,0.0032897117371547538,1.7238009760476474,128714.39515524854
R2C4,Sampling_09_21_2023,Pepper_Variety_Trial,09_21_2023,pv_R2C4_09_21_2023,pepper,plot,5,1.0,4,Pepper_Variety_Trial,255044,0.003277150152093319,2.0041586145910824,127257.39277479182
R2C4,Sampling_10_05_2023,Pepper_Variety_Trial,10_05_2023,pv_R2C4_10_05_2023,pepper,plot,5,1.0,4,Pepper_Variety_Trial,238879,0.003351453991766725,1.9516969809934346,122395.53697439653
R2C4,Sampling_10_20_2023,Pepper_Variety_Trial,10_20_2023,pv_R2C4_10_20_2023,pepper,plot,5,1.0,4,Pepper_Variety_Trial,290675,0.002379447505403333,1.6902388021804478,171972.74114463732
R2C41,Sampling_06_22_2023,Pepper_Variety_Trial,06_22_2023,pv_R2C41_06_22_2023,pepper,plant,1,1.0,4,Pepper_Variety_Trial,250246,0.0005026091079696202,0.05387714159290048,4644752.720752645
R2C42,Sampling_06_22_2023,Pepper_Variety_Trial,06_22_2023,pv_R2C42_06_22_2023,pepper,plant,1,1.0,4,Pepper_Variety_Trial,451755,0.0004133975858258825,0.05765332840501117,7835714.129571987
R2C43,Sampling_06_22_2023,Pepper_Variety_Trial,06_22_2023,pv_R2C43_06_22_2023,pepper,plant,1,1.0,4,Pepper_Variety_Trial,408208,0.000424907952032117,0.05896451933537922,6922942.891778509
R2C44,Sampling_06_22_2023,Pepper_Variety_Trial,06_22_2023,pv_R2C44_06_22_2023,pepper,plant,1,1.0,4,Pepper_Variety_Trial,262666,0.0004163238910933068,0.04254042840028012,6174502.93467826
R2C45,Sampling_06_22_2023,Pepper_Variety_Trial,06_22_2023,pv_R2C45_06_22_2023,pepper,plant,1,1.0,4,Pepper_Variety_Trial,398182,0.0003986078037475971,0.06073304581544218,6556265.944738062
R2C7,Sampling_07_04_2023,Pepper_Variety_Trial,07_04_2023,pv_R2C7_07_04_2023,pepper,plot,5,1.0,4,Pepper_Variety_Trial,195530,0.0025792910409642633,0.9010766473669919,216995.96873512608
R2C7,Sampling_07_21_2023,Pepper_Variety_Trial,07_21_2023,pv_R2C7_07_21_2023,pepper,plot,5,1.0,4,Pepper_Variety_Trial,188268,0.0033823770818054225,1.3311917236551116,141428.1629418971
R2C7,Sampling_08_12_2023,Pepper_Variety_Trial,08_12_2023,pv_R2C7_08_12_2023,pepper,plot,5,1.0,1,Pepper_Variety_Trial,179400,0.0033972889444611404,1.530066749239971,117249.78670970611
R2C7,Sampling_08_26_2023,Pepper_Variety_Trial,08_26_2023,pv_R2C7_08_26_2023,pepper,plot,5,1.0,4,Pepper_Variety_Trial,212903,0.003350889034840759,1.6461230728433232,129336.01594700688
R2C7,Sampling_09_08_2023,Pepper_Variety_Trial,09_08_2023,pv_R2C7_09_08_2023,pepper,plot,5,1.0,4,Pepper_Variety_Trial,226294,0.0032982976780084857,1.61934121721856,139744.4822584649
R2C7,Sampling_09_21_2023,Pepper_Variety_Trial,09_21_2023,pv_R2C7_09_21_2023,pepper,plot,5,1.0,2,Pepper_Variety_Trial,249193,0.0032781518365016626,1.7327383814128268,143814.55543035583
R2C7,Sampling_10_05_2023,Pepper_Variety_Trial,10_05_2023,pv_R2C7_10_05_2023,pepper,plot,5,1.0,4,Pepper_Variety_Trial,228117,0.0033050535373798625,1.6931756437312815,134727.31009601254
R2C7,Sampling_10_20_2023,Pepper_Variety_Trial,10_20_2023,pv_R2C7_10_20_2023,pepper,plot,5,1.0,4,Pepper_Variety_Trial,201590,0.0032939453720654253,1.6516101670512744,122056.64751986334
R2C71,Sampling_06_22_2023,Pepper_Variety_Trial,06_22_2023,pv_R2C71_06_22_2023,pepper,plant,1,1.0,4,Pepper_Variety_Trial,391554,0.0005431031296309565,0.09648710534887736,4058096.660524968
R2C72,Sampling_06_22_2023,Pepper_Variety_Trial,06_22_2023,pv_R2C72_06_22_2023,pepper,plant,1,1.0,4,Pepper_Variety_Trial,488389,0.00042058739890610096,0.07915437420272595,6170082.259120188
R2C73,Sampling_06_22_2023,Pepper_Variety_Trial,06_22_2023,pv_R2C73_06_22_2023,pepper,plant,1,1.0,4,Pepper_Variety_Trial,408065,0.00042153149148958417,0.052137480250917065,7826711.188115433
R2C74,Sampling_06_22_2023,Pepper_Variety_Trial,06_22_2023,pv_R2C74_06_22_2023,pepper,plant,1,1.0,4,Pepper_Variety_Trial,382216,0.00044702819970988364,0.06143864245270573,6221100.999980955
R2C75,Sampling_06_22_2023,Pepper_Variety_Trial,06_22_2023,pv_R2C75_06_22_2023,pepper,plant,1,1.0,4,Pepper_Variety_Trial,405092,0.0005394838835463489,0.1003482145082949,4036863.0571549893
R3C4,Sampling_07_04_2023,Pepper_Variety_Trial,07_04_2023,pv_R3C4_07_04_2023,pepper,plot,5,1.0,4,Pepper_Variety_Trial,210205,0.0025096621221246903,0.7072702497124178,297206.05395953124
R3C4,Sampling_07_21_2023,Pepper_Variety_Trial,07_21_2023,pv_R3C4_07_21_2023,pepper,plot,5,1.0,4,Pepper_Variety_Trial,265281,0.002498032145574014,1.1133884227731197,238264.55760988055
R3C4,Sampling_08_12_2023,Pepper_Variety_Trial,08_12_2023,pv_R3C4_08_12_2023,pepper,plot,5,1.0,4,Pepper_Variety_Trial,211409,0.002396753762764079,1.1153693238539444,189541.7019983272
R3C4,Sampling_08_26_2023,Pepper_Variety_Trial,08_26_2023,pv_R3C4_08_26_2023,pepper,plot,5,1.0,1,Pepper_Variety_Trial,235980,0.0023549294880839573,0.9919037373770183,237906.15067549143
R3C4,Sampling_09_08_2023,Pepper_Variety_Trial,09_08_2023,pv_R3C4_09_08_2023,pepper,plot,5,1.0,4,Pepper_Variety_Trial,285540,0.0023113575327386522,1.27657307530499,223676.97198359034
R3C4,Sampling_09_21_2023,Pepper_Variety_Trial,09_21_2023,pv_R3C4_09_21_2023,pepper,plot,5,1.0,4,Pepper_Variety_Trial,288917,0.002480256162065223,1.2814836524822315,225455.0804767336
R3C4,Sampling_10_05_2023,Pepper_Variety_Trial,10_05_2023,pv_R3C4_10_05_2023,pepper,plot,5,1.0,2,Pepper_Variety_Trial,298661,0.002297912332307951,1.3529169800192005,220753.3828097578
R3C4,Sampling_10_20_2023,Pepper_Variety_Trial,10_20_2023,pv_R3C4_10_20_2023,pepper,plot,5,1.0,4,Pepper_Variety_Trial,228244,0.0023751624608259626,1.5209883777434867,150062.94810655888
R3C41,Sampling_06_22_2023,Pepper_Variety_Trial,06_22_2023,pv_R3C41_06_22_2023,pepper,plant,1,1.0,4,Pepper_Variety_Trial,264798,0.0005160746916215675,0.05287362069416397,5008130.642909189
R3C42,Sampling_06_22_2023,Pepper_Variety_Trial,06_22_2023,pv_R3C42_06_22_2023,pepper,plant,1,1.0,4,Pepper_Variety_Trial,342367,0.0004442304284525735,0.058211007020243795,5881482.17193591
R3C43,Sampling_06_22_2023,Pepper_Variety_Trial,06_22_2023,pv_R3C43_06_22_2023,pepper,plant,1,1.0,4,Pepper_Variety_Trial,380396,0.00045492557716660727,0.07033350215385173,5408460.951765191
R3C44,Sampling_06_22_2023,Pepper_Variety_Trial,06_22_2023,pv_R3C44_06_22_2023,pepper,plant,1,1.0,4,Pepper_Variety_Trial,298750,0.0004403567618501068,0.055495932999549635,5383277.365612079
R3C45,Sampling_06_22_2023,Pepper_Variety_Trial,06_22_2023,pv_R3C45_06_22_2023,pepper,plant,1,1.0,4,Pepper_Variety_Trial,309471,0.0006256870484128864,0.08827668092717643,3505693.652611352
R3C7,Sampling_07_04_2023,Pepper_Variety_Trial,07_04_2023,pv_R3C7_07_04_2023,pepper,plot,5,1.0,4,Pepper_Variety_Trial,160702,0.0033892468645873733,0.9849794099705472,163152.64905365414
R3C7,Sampling_07_21_2023,Pepper_Variety_Trial,07_21_2023,pv_R3C7_07_21_2023,pepper,plot,5,1.0,4,Pepper_Variety_Trial,164646,0.0033004415992327076,1.1313020616920693,145536.7276125545
R3C7,Sampling_08_12_2023,Pepper_Variety_Trial,08_12_2023,pv_R3C7_08_12_2023,pepper,plot,5,1.0,4,Pepper_Variety_Trial,166211,0.0033509522231062383,1.3449968576193025,123577.24039162442
R3C7,Sampling_08_26_2023,Pepper_Variety_Trial,08_26_2023,pv_R3C7_08_26_2023,pepper,plot,5,1.0,4,Pepper_Variety_Trial,267828,0.002495236446406543,1.4765086329996675,181392.77618437083
R3C7,Sampling_09_08_2023,Pepper_Variety_Trial,09_08_2023,pv_R3C7_09_08_2023,pepper,plot,5,1.0,1,Pepper_Variety_Trial,166289,0.003305424598069286,1.490836973803518,111540.70023884163
R3C7,Sampling_09_21_2023,Pepper_Variety_Trial,09_21_2023,pv_R3C7_09_21_2023,pepper,plot,5,1.0,4,Pepper_Variety_Trial,188060,0.003330941095618619,1.5788709768206624,119110.42938967202
R3C7,Sampling_10_05_2023,Pepper_Variety_Trial,10_05_2023,pv_R3C7_10_05_2023,pepper,plot,5,1.0,4,Pepper_Variety_Trial,273658,0.00239201418090721,1.6275929526519632,168136.63364301733
R3C7,Sampling_10_20_2023,Pepper_Variety_Trial,10_20_2023,pv_R3C7_10_20_2023,pepper,plot,5,1.0,2,Pepper_Variety_Trial,222332,0.0024353052177979403,1.3938338540007826,159511.12061299896
R3C71,Sampling_06_22_2023,Pepper_Variety_Trial,06_22_2023,pv_R3C71_06_22_2023,pepper,plant,1,1.0,2,Pepper_Variety_Trial,337183,0.0006331620805813205,0.10617387993189877,3175762.25165995
R3C72,Sampling_06_22_2023,Pepper_Variety_Trial,06_22_2023,pv_R3C72_06_22_2023,pepper,plant,1,1.0,2,Pepper_Variety_Trial,340777,0.0005652654967690639,0.0968859191572923,3517301.615797808
R3C73,Sampling_06_22_2023,Pepper_Variety_Trial,06_22_2023,pv_R3C73_06_22_2023,pepper,plant,1,1.0,2,Pepper_Variety_Trial,332421,0.0006847745595042475,0.09719478765236997,3420152.54139911
R3C74,Sampling_06_22_2023,Pepper_Variety_Trial,06_22_2023,pv_R3C74_06_22_2023,pepper,plant,1,1.0,2,Pepper_Variety_Trial,346613,0.0006274824399536723,0.09194163181700996,3769924.3873532573
R3C75,Sampling_06_22_2023,Pepper_Variety_Trial,06_22_2023,pv_R3C75_06_22_2023,pepper,plant,1,1.0,2,Pepper_Variety_Trial,350242,0.0005882546272957637,0.08285264525345623,4227288.08390568
R4C4,Sampling_07_04_2023,Pepper_Variety_Trial,07_04_2023,pv_R4C4_07_04_2023,pepper,plot,5,1.0,2,Pepper_Variety_Trial,208746,0.002417053920461365,0.6695199538049623,311784.58358660026
R4C4,Sampling_07_21_2023,Pepper_Variety_Trial,07_21_2023,pv_R4C4_07_21_2023,pepper,plot,5,1.0,4,Pepper_Variety_Trial,245113,0.002479701450952707,0.992383674872785,246994.18804065007
R4C4,Sampling_08_12_2023,Pepper_Variety_Trial,08_12_2023,pv_R4C4_08_12_2023,pepper,plot,5,1.0,4,Pepper_Variety_Trial,250779,0.0025056265511935695,1.19158273544925,210458.7390698065
R4C4,Sampling_08_26_2023,Pepper_Variety_Trial,08_26_2023,pv_R4C4_08_26_2023,pepper,plot,5,1.0,4,Pepper_Variety_Trial,244311,0.002307567960096944,1.2398540573236596,197048.1917261843
R4C4,Sampling_09_08_2023,Pepper_Variety_Trial,09_08_2023,pv_R4C4_09_08_2023,pepper,plot,5,1.0,4,Pepper_Variety_Trial,173515,0.0032009073603419865,1.3934628409140177,124520.72269554446
R4C4,Sampling_09_21_2023,Pepper_Variety_Trial,09_21_2023,pv_R4C4_09_21_2023,pepper,plot,5,1.0,1,Pepper_Variety_Trial,282989,0.0023567098138305665,1.413029362582927,200271.13908143723
R4C4,Sampling_10_05_2023,Pepper_Variety_Trial,10_05_2023,pv_R4C4_10_05_2023,pepper,plot,5,1.0,4,Pepper_Variety_Trial,278581,0.002418046058491423,1.4792499601527633,188325.84587072136
R4C4,Sampling_10_20_2023,Pepper_Variety_Trial,10_20_2023,pv_R4C4_10_20_2023,pepper,plot,5,1.0,4,Pepper_Variety_Trial,234700,0.0024494748398782283,1.4106199772455577,166380.74306751715
R4C41,Sampling_06_22_2023,Pepper_Variety_Trial,06_22_2023,pv_R4C41_06_22_2023,pepper,plant,1,1.0,4,Pepper_Variety_Trial,295095,0.0004875206237057759,0.055816431387858786,5286884.035087008
R4C42,Sampling_06_22_2023,Pepper_Variety_Trial,06_22_2023,pv_R4C42_06_22_2023,pepper,plant,1,1.0,4,Pepper_Variety_Trial,270340,0.0004453441980212905,0.05083024217860484,5318487.349521028
R4C43,Sampling_06_22_2023,Pepper_Variety_Trial,06_22_2023,pv_R4C43_06_22_2023,pepper,plant,1,1.0,4,Pepper_Variety_Trial,327031,0.00035524621405088637,0.03919987902809895,8342653.296597682
R4C44,Sampling_06_22_2023,Pepper_Variety_Trial,06_22_2023,pv_R4C44_06_22_2023,pepper,plant,1,1.0,4,Pepper_Variety_Trial,310609,0.0004339894554590097,0.05317346712097512,5841428.381815549
R4C45,Sampling_06_22_2023,Pepper_Variety_Trial,06_22_2023,pv_R4C45_06_22_2023,pepper,plant,1,1.0,4,Pepper_Variety_Trial,392006,0.0003667559668619113,0.057397425756263255,6829679.116005024
R4C7,Sampling_07_04_2023,Pepper_Variety_Trial,07_04_2023,pv_R4C7_07_04_2023,pepper,plot,5,1.0,4,Pepper_Variety_Trial,243686,0.0024885766855051554,0.7677219725159209,317414.38792146393
R4C7,Sampling_07_21_2023,Pepper_Variety_Trial,07_21_2023,pv_R4C7_07_21_2023,pepper,plot,5,1.0,2,Pepper_Variety_Trial,168801,0.0033504225634131937,1.286626620431195,131196.57041094697
R4C7,Sampling_08_12_2023,Pepper_Variety_Trial,08_12_2023,pv_R4C7_08_12_2023,pepper,plot,5,1.0,4,Pepper_Variety_Trial,171696,0.0034182682780397183,1.3736227628338937,124995.01656901593
R4C7,Sampling_08_26_2023,Pepper_Variety_Trial,08_26_2023,pv_R4C7_08_26_2023,pepper,plot,5,1.0,4,Pepper_Variety_Trial,304298,0.0024245204602709723,1.556313458430698,195524.8785850876
R4C7,Sampling_09_08_2023,Pepper_Variety_Trial,09_08_2023,pv_R4C7_09_08_2023,pepper,plot,5,1.0,4,Pepper_Variety_Trial,276404,0.002368224965303785,1.3918701293763225,198584.61947441372
R4C7,Sampling_09_21_2023,Pepper_Variety_Trial,09_21_2023,pv_R4C7_09_21_2023,pepper,plot,5,1.0,4,Pepper_Variety_Trial,293216,0.0023584172541875276,1.6710604854035447,175467.01783759263
R4C7,Sampling_10_05_2023,Pepper_Variety_Trial,10_05_2023,pv_R4C7_10_05_2023,pepper,plot,5,1.0,1,Pepper_Variety_Trial,268523,0.002391473138274135,1.355690850431819,198070.9686979662
R4C7,Sampling_10_20_2023,Pepper_Variety_Trial,10_20_2023,pv_R4C7_10_20_2023,pepper,plot,5,1.0,4,Pepper_Variety_Trial,238543,0.0024735429274481283,1.3415843613801732,177806.9325097049
R4C71,Sampling_06_22_2023,Pepper_Variety_Trial,06_22_2023,pv_R4C71_06_22_2023,pepper,plant,1,1.0,4,Pepper_Variety_Trial,266961,0.0005434918422015258,0.05835928050447022,4574439.535448886
R4C72,Sampling_06_22_2023,Pepper_Variety_Trial,06_22_2023,pv_R4C72_06_22_2023,pepper,plant,1,1.0,4,Pepper_Variety_Trial,358812,0.00047583374332431475,0.06436932058067041,5574270.425152637
R4C73,Sampling_06_22_2023,Pepper_Variety_Trial,06_22_2023,pv_R4C73_06_22_2023,pepper,plant,1,1.0,4,Pepper_Variety_Trial,354301,0.0005496079295807337,0.07827669464215992,4526264.1916560065
R4C74,Sampling_06_22_2023,Pepper_Variety_Trial,06_22_2023,pv_R4C74_06_22_2023,pepper,plant,1,1.0,4,Pepper_Variety_Trial,307287,0.0005771838551173116,0.0828467455151717,3709101.644116203
R4C75,Sampling_06_22_2023,Pepper_Variety_Trial,06_22_2023,pv_R4C75_06_22_2023,pepper,plant,1,1.0,4,Pepper_Variety_Trial,330156,0.0005438955812893248,0.07031048276160018,4695686.717433741
Red_Deuce,Sampling_Day_Zero,Transplant-Age_Plants,Day_Zero,ta_Red_Deuce_Day_Zero,tomato,plant,1,1.0,4,Transplant-Age_Plants,96556,0.0002224046404903511,0.005483224121941081,17609347.685357578
Sugar_Baby,Sampling_Day_Zero,Transplant-Age_Plants,Day_Zero,ta_Sugar_Baby_Day_Zero,watermelon,plant,1,1.0,4,Transplant-Age_Plants,59707,0.0003134881445327015,0.006883391330625428,8674067.350254077
