sample_id,plot_id,trial_dir,date_dir,species,width,depth,height,voxel_vol_02,voxel_vol_01,voxel_vol_005,voxel_vol_002,voxel_vol_001,convh_vol,ground_area
cf_5016_07_23_2023,5016,Cucumber_Fertilizer_Trial,Sampling_07_23_2023,cucumber,0.645799994468689,1.5637999773025513,1.5018999921157956,0.08666400000000002,0.035357000000000006,0.013134875000000002,0.002023696,0.00029863700000000003,0.8751775300182505,0.9575948307517244
cf_5016_08_10_2023,5016,Cucumber_Fertilizer_Trial,Sampling_08_10_2023,cucumber,0.6498999893665314,1.812399983406067,1.7723000215555658,0.13047200000000003,0.05411600000000001,0.015819500000000004,0.0012902240000000002,0.00017418900000000002,1.2696252301237334,1.1294341569699007
cf_5016_08_24_2023,5016,Cucumber_Fertilizer_Trial,Sampling_08_24_2023,cucumber,0.6499000191688538,1.8999000787734985,1.8636999627924524,0.14139200000000002,0.05518800000000001,0.013215750000000002,0.001030504,0.000135332,1.5199676115451195,1.2306411511878206
cf_5027_07_23_2023,5027,Cucumber_Fertilizer_Trial,Sampling_07_23_2023,cucumber,0.5543000102043152,1.6963000297546387,1.1468000411987305,0.061008000000000014,0.025415000000000004,0.010168625000000002,0.0018525680000000002,0.00029159,0.64851745423482,0.8509510094537183
cf_5027_08_10_2023,5027,Cucumber_Fertilizer_Trial,Sampling_08_10_2023,cucumber,0.6499000042676926,1.8935999870300293,1.8724000453948975,0.14683200000000002,0.06170400000000001,0.017972875000000003,0.00147308,0.00019733200000000001,1.5042394760860411,1.1711014448264034
cf_5027_08_24_2023,5027,Cucumber_Fertilizer_Trial,Sampling_08_24_2023,cucumber,0.6499000191688538,1.8999000787734985,1.8636999627924524,0.14139200000000002,0.05518800000000001,0.013215750000000002,0.001030504,0.000135332,1.5199676115451195,1.2306411511878206
cf_5035_07_23_2023,5035,Cucumber_Fertilizer_Trial,Sampling_07_23_2023,cucumber,0.5952000021934509,1.6240999698638916,1.6482000425457954,0.08550400000000001,0.035461000000000006,0.013296125000000002,0.002147192,0.000329043,0.8355614348943603,0.8662211732748596
cf_5035_08_10_2023,5035,Cucumber_Fertilizer_Trial,Sampling_08_10_2023,cucumber,0.6498999893665314,1.8999000191688538,1.7025000128196552,0.144552,0.05900100000000001,0.016896125,0.0013603600000000001,0.000183205,1.353365412106602,1.139980186439058
cf_5035_08_24_2023,5035,Cucumber_Fertilizer_Trial,Sampling_08_24_2023,cucumber,0.6498999893665314,1.8998000025749207,1.8709000162780285,0.14454400000000003,0.05811000000000001,0.01627825,0.00133592,0.000175858,1.3978193220725545,1.2100309409982781
cf_5044_07_23_2023,5044,Cucumber_Fertilizer_Trial,Sampling_07_23_2023,cucumber,0.6113999783992767,1.383300006389618,1.6524999971152283,0.06781600000000002,0.030166000000000005,0.012525750000000002,0.0023778560000000002,0.00038175000000000004,0.6256205201284419,0.6844192632407261
cf_5044_08_10_2023,5044,Cucumber_Fertilizer_Trial,Sampling_08_10_2023,cucumber,0.6499000042676926,1.8999000191688538,1.9987000558903674,0.11625600000000003,0.05059000000000001,0.018317625000000004,0.0016264640000000002,0.00021843600000000002,1.3395147265084804,1.181236812963645
cf_5044_08_24_2023,5044,Cucumber_Fertilizer_Trial,Sampling_08_24_2023,cucumber,0.6499000191688538,1.8959999680519104,1.6720999851822853,0.09698400000000001,0.03818100000000001,0.010758500000000002,0.0008604480000000001,0.00011618300000000001,1.167990382936729,1.1590271732880697
cf_5051_07_23_2023,5051,Cucumber_Fertilizer_Trial,Sampling_07_23_2023,cucumber,0.6499000191688538,1.8510000109672546,1.5106000311207026,0.10704800000000002,0.046700000000000005,0.018751750000000005,0.0030284720000000004,0.000445234,1.1483052855233926,1.0461040281879417
cf_5051_08_10_2023,5051,Cucumber_Fertilizer_Trial,Sampling_08_10_2023,cucumber,0.6498999893665314,1.8949999809265137,1.580399990081787,0.11626400000000002,0.04898600000000001,0.017482000000000004,0.0015513360000000002,0.0002086,1.2406115466400258,1.1559390920557842
cf_5051_08_24_2023,5051,Cucumber_Fertilizer_Trial,Sampling_08_24_2023,cucumber,0.6498999893665314,1.7146999835968018,1.7331000203848816,0.08112800000000002,0.031920000000000004,0.010460375000000001,0.0009263920000000001,0.000125508,1.1358026602095848,1.0614169882834903
cf_5062_07_23_2023,5062,Cucumber_Fertilizer_Trial,Sampling_07_23_2023,cucumber,0.6418000161647797,1.7071999907493591,1.4074999923468567,0.08091200000000001,0.036229000000000004,0.014622875000000002,0.0023377520000000002,0.000346399,0.8960309015129957,0.9973964125282918
cf_5062_08_10_2023,5062,Cucumber_Fertilizer_Trial,Sampling_08_10_2023,cucumber,0.6499000191688538,1.8310999870300293,1.6862000226974487,0.09820000000000001,0.042676000000000006,0.013900875000000002,0.001284832,0.00017655100000000002,1.0297645575244876,1.180494092129203
cf_5062_08_24_2023,5062,Cucumber_Fertilizer_Trial,Sampling_08_24_2023,cucumber,0.5181999802589417,1.8053000569343567,0.6872000098228455,0.06021600000000001,0.023697000000000003,0.008084375000000001,0.000709048,9.7089e-05,0.3930060643789476,0.9085848276885536
cf_5073_07_23_2023,5073,Cucumber_Fertilizer_Trial,Sampling_07_23_2023,cucumber,0.5031999945640564,1.758300006389618,0.21690000593662262,0.016904000000000002,0.005440000000000001,0.0015841250000000002,0.00019790400000000002,2.7808000000000002e-05,0.12923015667868315,0.840362157446639
cf_5073_08_10_2023,5073,Cucumber_Fertilizer_Trial,Sampling_08_10_2023,cucumber,0.38019999861717224,0.8237999975681305,0.9846999811197747,0.027240000000000004,0.011293000000000003,0.0036358750000000007,0.00033064000000000005,4.4657e-05,0.14851974646773183,0.30942992671943903
cf_5073_08_24_2023,5073,Cucumber_Fertilizer_Trial,Sampling_08_24_2023,cucumber,0.4973999857902527,1.1310000121593475,1.31850004196167,0.05303200000000001,0.021884000000000004,0.007150000000000001,0.000655072,9.018800000000001e-05,0.4288590038149413,0.5325780122460718
cf_6016_07_23_2023,6016,Cucumber_Fertilizer_Trial,Sampling_07_23_2023,cucumber,0.6034000217914581,1.8193000555038452,1.445000007050112,0.07472800000000002,0.030925000000000005,0.011636125000000002,0.0017301920000000002,0.000253308,0.925596797848673,1.015504404973124
cf_6016_08_10_2023,6016,Cucumber_Fertilizer_Trial,Sampling_08_10_2023,cucumber,0.6498999893665314,1.7940999865531921,1.9518000053431024,0.15003200000000003,0.06292600000000001,0.01851275,0.00152184,0.00020463300000000002,1.4493478695701822,1.1221171330061916
cf_6016_08_24_2023,6016,Cucumber_Fertilizer_Trial,Sampling_08_24_2023,cucumber,0.6498999893665314,1.8999000191688538,1.9879999492695788,0.12478400000000002,0.04819500000000001,0.011605750000000001,0.0009018720000000001,0.00011876600000000001,1.4226806323449934,1.180149115713377
cf_6022_07_23_2023,6022,Cucumber_Fertilizer_Trial,Sampling_07_23_2023,cucumber,0.5115000009536743,1.5774999856948853,1.25,0.04772800000000001,0.020666000000000004,0.008375125,0.0014906560000000001,0.00023248300000000002,0.3884978323438549,0.6223172863153188
cf_6022_08_10_2023,6022,Cucumber_Fertilizer_Trial,Sampling_08_10_2023,cucumber,0.6498999893665314,1.888100028038025,1.595600025560998,0.14085600000000004,0.05751000000000001,0.016437125000000004,0.001352696,0.000177996,1.2533126195857698,1.157502228258945
cf_6022_08_24_2023,6022,Cucumber_Fertilizer_Trial,Sampling_08_24_2023,cucumber,0.6498999893665314,1.7940999865531921,1.3944000005722046,0.09558400000000002,0.03991600000000001,0.013773250000000003,0.0012224800000000002,0.00016733200000000002,1.071559113066045,1.1349230476175538
cf_6031_07_23_2023,6031,Cucumber_Fertilizer_Trial,Sampling_07_23_2023,cucumber,0.5706000030040741,1.540499985218048,1.075699958615587,0.04504000000000001,0.017782000000000003,0.006483750000000001,0.0010610320000000002,0.00016567600000000002,0.60736455535448,0.8223921265884978
cf_6031_08_10_2023,6031,Cucumber_Fertilizer_Trial,Sampling_08_10_2023,cucumber,0.6499000191688538,1.857800006866455,1.5723999738693237,0.13596800000000003,0.05596600000000001,0.019732500000000004,0.0017426000000000002,0.00023696900000000001,1.391070440618258,1.1597512428329806
cf_6031_08_24_2023,6031,Cucumber_Fertilizer_Trial,Sampling_08_24_2023,cucumber,0.6499000191688538,1.5044000148773193,1.9909000562693109,0.09112000000000002,0.03533900000000001,0.012841875000000003,0.0010685920000000002,0.000144444,1.0297208635434232,0.933458914085997
cf_6045_07_23_2023,6045,Cucumber_Fertilizer_Trial,Sampling_07_23_2023,cucumber,0.6491000056266785,1.732699990272522,1.356899969279766,0.049608000000000006,0.016170000000000004,0.0047722500000000004,0.000602616,8.563900000000001e-05,0.8773111131595233,0.9694609316154886
cf_6045_08_10_2023,6045,Cucumber_Fertilizer_Trial,Sampling_08_10_2023,cucumber,0.6498999893665314,1.899899959564209,1.9800000190734863,0.17005600000000004,0.066959,0.015990375,0.001244384,0.00016275500000000002,1.7878811048468919,1.1852351202254994
cf_6045_08_24_2023,6045,Cucumber_Fertilizer_Trial,Sampling_08_24_2023,cucumber,0.6498999893665314,1.8025000095367432,1.9537999961903552,0.13252000000000003,0.05143500000000001,0.014431125000000003,0.001157768,0.00015430900000000002,1.523101112602887,1.1246588102503026
cf_6054_07_23_2023,6054,Cucumber_Fertilizer_Trial,Sampling_07_23_2023,cucumber,0.6391000151634216,1.6471999883651733,1.4682000279426575,0.04204000000000001,0.012600000000000002,0.0032761250000000004,0.000336552,4.5451e-05,0.7286981062331626,0.9031041716435022
cf_6054_08_10_2023,6054,Cucumber_Fertilizer_Trial,Sampling_08_10_2023,cucumber,0.6498999893665314,1.899899959564209,1.9448000358606805,0.151128,0.06171400000000001,0.017854500000000002,0.0014298800000000001,0.00019336600000000002,1.5612278299898599,1.214333271099311
cf_6054_08_24_2023,6054,Cucumber_Fertilizer_Trial,Sampling_08_24_2023,cucumber,0.6499000191688538,1.630400002002716,1.7604999542236328,0.09164800000000002,0.03730000000000001,0.011637500000000002,0.001078064,0.00014736800000000002,0.9817130552414411,1.017217735021245
cf_6067_07_23_2023,6067,Cucumber_Fertilizer_Trial,Sampling_07_23_2023,cucumber,0.42720000445842743,1.6743000149726868,0.8994000256061554,0.03545600000000001,0.011449000000000003,0.0032243750000000007,0.000370336,5.1643e-05,0.38709518277456517,0.6522711430340069
cf_6067_08_10_2023,6067,Cucumber_Fertilizer_Trial,Sampling_08_10_2023,cucumber,0.6379999816417694,1.899899959564209,1.9999000000025262,0.14707200000000004,0.05775400000000001,0.016414750000000002,0.0013122720000000002,0.000176872,1.6411073612478388,1.1494138270291085
cf_6067_08_24_2023,6067,Cucumber_Fertilizer_Trial,Sampling_08_24_2023,cucumber,0.6498999893665314,1.8735000491142273,1.8040999506047228,0.11016800000000002,0.041307,0.011261750000000003,0.0009084640000000001,0.000122192,1.5364094885261197,1.190106499516149
cf_6073_07_23_2023,6073,Cucumber_Fertilizer_Trial,Sampling_07_23_2023,cucumber,0.3434999883174896,1.1133999824523926,0.4006000042427331,0.005752000000000001,0.0018120000000000002,0.00049525,6.168800000000001e-05,8.87e-06,0.05118069018736586,0.2923574353550919
cf_6073_08_10_2023,6073,Cucumber_Fertilizer_Trial,Sampling_08_10_2023,cucumber,0.6499000042676926,1.689300000667572,1.2633999586105347,0.09292000000000002,0.03795200000000001,0.012531875000000001,0.001133616,0.000156732,0.6932937042833233,1.0508302074218052
cf_6073_08_24_2023,6073,Cucumber_Fertilizer_Trial,Sampling_08_24_2023,cucumber,0.6498999893665314,1.6096999645233154,1.9218999448930845,0.07277600000000001,0.027742000000000006,0.008809500000000001,0.000797072,0.00010832800000000001,1.098618223612468,1.018695741635609
gp_10_06_24_2023,10,Garden_Plots,Sampling_06_24_2023,watermelon,0.04619999974966049,0.11140000075101852,0.10810000076889992,0.00044800000000000005,0.00014300000000000003,6.2625e-05,1.9408e-05,5.697000000000001e-06,0.00022909196201355967,0.0035948450595049385
gp_10_08_02_2023,10,Garden_Plots,Sampling_08_02_2023,watermelon,1.948099970817566,1.8230000138282776,0.3793999884655932,0.14386400000000002,0.05897800000000001,0.020405375000000003,0.002421584,0.000324951,1.025037492304635,3.472970120483001
gp_10_08_12_2023,10,Garden_Plots,Sampling_08_12_2023,watermelon,1.6283000111579895,1.999899983406067,0.41559999535093084,0.135336,0.05158900000000001,0.01746175,0.002346024,0.00033289,0.8677363348906636,3.093225650441559
gp_10_08_25_2023,10,Garden_Plots,Sampling_08_25_2023,watermelon,2.7156999111175537,1.6758999824523926,0.396799998190545,0.23638400000000004,0.09566800000000002,0.023476250000000004,0.001840176,0.000243562,1.29586557056926,4.1644995626735914
gp_10_09_07_2023,10,Garden_Plots,Sampling_09_07_2023,watermelon,2.8629000186920166,1.8198999762535095,0.3799999952316284,0.23073600000000005,0.09189300000000002,0.019511250000000004,0.0015030640000000001,0.000195538,1.2363414202548393,4.7217197870543535
gp_10_09_14_2023,10,Garden_Plots,Sampling_09_14_2023,watermelon,2.6830999851226807,2.0444000363349915,0.368000004105852,0.20935200000000004,0.08115400000000002,0.016929000000000003,0.0012776320000000001,0.000168238,1.310880798715461,5.031529654581381
gp_11_06_24_2023,11,Garden_Plots,Sampling_06_24_2023,watermelon,0.3791999965906143,0.9052000045776367,0.2624999936670065,0.009896000000000002,0.004155000000000001,0.0017551250000000004,0.000491848,0.000117998,0.04336303201908251,0.29008323928534924
gp_11_08_02_2023,11,Garden_Plots,Sampling_08_02_2023,watermelon,1.8901000022888184,1.3277999758720398,0.5163000127649866,0.13954400000000003,0.05984800000000001,0.022313250000000003,0.003215088,0.000452278,0.8822412961438179,2.424167598363086
gp_11_08_12_2023,11,Garden_Plots,Sampling_08_12_2023,watermelon,2.6623001098632812,3.5828999280929565,0.5098999738693237,0.40269600000000005,0.14160400000000004,0.023277125000000003,0.001692488,0.00022089400000000002,3.3961230558159525,9.303082730858968
gp_11_08_25_2023,11,Garden_Plots,Sampling_08_25_2023,watermelon,2.4572999477386475,3.977400064468384,0.4810999929904938,0.3900720000000001,0.14396200000000003,0.022166750000000002,0.001649208,0.000212348,3.4394020744367184,9.695321375780615
gp_11_09_07_2023,11,Garden_Plots,Sampling_09_07_2023,watermelon,2.7153000831604004,3.9993999004364014,0.4369000098085962,0.44393600000000005,0.16788900000000004,0.026692875000000005,0.001962848,0.000255179,2.821340863603377,9.613515006133511
gp_11_09_14_2023,11,Garden_Plots,Sampling_09_14_2023,watermelon,2.9936999082565308,3.5611000061035156,0.4512999951839447,0.37933600000000006,0.12983400000000003,0.022094375000000003,0.0015978400000000001,0.00020847700000000002,2.683866213860796,9.112870519893471
gp_12_06_24_2023,12,Garden_Plots,Sampling_06_24_2023,watermelon,0.15209999680519104,0.22519999742507935,0.14249999990715878,0.0015600000000000002,0.0006800000000000002,0.00028475000000000006,8.209600000000001e-05,1.9525e-05,0.001725343191039369,0.02050195947440804
gp_13_06_24_2023,13,Garden_Plots,Sampling_06_24_2023,watermelon,0.7412000000476837,0.6935000121593475,0.2718000049353577,0.008368000000000002,0.0034460000000000007,0.0014153750000000002,0.000332992,6.8583e-05,0.042961489991446465,0.35942605406350137
gp_13_08_02_2023,13,Garden_Plots,Sampling_08_02_2023,watermelon,1.9998999238014221,1.253600001335144,0.5860999822616577,0.25244000000000005,0.11719100000000002,0.042914125000000004,0.005014024000000001,0.0006704520000000001,1.1254362542637792,2.5062302545236133
gp_14_06_24_2023,14,Garden_Plots,Sampling_06_24_2023,watermelon,0.3821000009775162,0.2061000019311905,0.20630000159144402,0.0030640000000000003,0.0013710000000000003,0.0006385000000000001,0.0001952,4.7328000000000005e-05,0.006652191289762962,0.05429604427666768
gp_14_08_02_2023,14,Garden_Plots,Sampling_08_02_2023,watermelon,2.6414999961853027,2.7960000038146973,0.5712000131607056,0.24343200000000004,0.09134900000000001,0.026932000000000005,0.002689344,0.00035256100000000004,2.1348638390091224,6.707611574764449
gp_15_06_24_2023,15,Garden_Plots,Sampling_06_24_2023,watermelon,0.5534999966621399,0.7137999832630157,0.23120001330971718,0.006944000000000001,0.0028000000000000004,0.0012397500000000002,0.000346176,8.254e-05,0.022859331560213247,0.16803742499346447
gp_16_06_24_2023,16,Garden_Plots,Sampling_06_24_2023,tomato,0.29200001060962677,0.3896999955177307,0.3582000061869621,0.007584000000000001,0.0035760000000000006,0.0017211250000000002,0.0005750800000000001,0.000146883,0.016086297921082935,0.0836701086468244
gp_16_08_02_2023,16,Garden_Plots,Sampling_08_02_2023,tomato,0.8695999979972839,0.6874000132083893,1.1050000041723251,0.11746400000000001,0.05390400000000001,0.018222250000000002,0.0017013120000000002,0.000232715,0.45478592139201385,0.5756866187548481
gp_16_08_12_2023,16,Garden_Plots,Sampling_08_12_2023,tomato,0.977400004863739,1.2321999669075012,1.113000039709732,0.15564000000000003,0.06338200000000001,0.018145,0.001490856,0.000199427,0.8535445705120958,0.9637077264558609
gp_16_08_25_2023,16,Garden_Plots,Sampling_08_25_2023,tomato,0.8919999897480011,1.0663000345230103,1.4784999557596166,0.24036800000000005,0.09624400000000001,0.020467125000000003,0.0015471920000000002,0.00020410800000000002,0.9135303129298462,0.851743870937739
gp_16_09_07_2023,16,Garden_Plots,Sampling_09_07_2023,tomato,1.4226999878883362,1.2969000041484833,1.3450000452066888,0.2856,0.11411400000000002,0.024279625000000003,0.0018516320000000002,0.000241975,1.4677941730086321,1.4988876582885653
gp_16_09_20_2023,16,Garden_Plots,Sampling_09_20_2023,tomato,1.1847000122070312,1.3550000190734863,1.3025000065099448,0.26732800000000007,0.10460400000000002,0.022229625000000003,0.0016896880000000002,0.000223092,1.443162646406469,1.5051192500979214
gp_16_10_04_2023,16,Garden_Plots,Sampling_10_04_2023,tomato,1.0367000102996826,1.290399968624115,1.250800046735094,0.26111200000000007,0.10832900000000002,0.026902125000000006,0.002128776,0.000282838,1.1256646162556183,1.174086095063089
gp_17_06_24_2023,17,Garden_Plots,Sampling_06_24_2023,tomato,0.26179999113082886,0.23439999669790268,0.22749998793005943,0.004400000000000001,0.0020640000000000003,0.0009162500000000002,0.00027330400000000004,6.9645e-05,0.006756612323428491,0.04580565869629025
gp_17_08_02_2023,17,Garden_Plots,Sampling_08_02_2023,tomato,0.7750999927520752,0.7245999872684479,0.9614999555051327,0.08848800000000001,0.04008300000000001,0.012024625000000002,0.000996312,0.000133718,0.3276731068458592,0.5093817156056338
gp_18_06_24_2023,18,Garden_Plots,Sampling_06_24_2023,tomato,0.22739999741315842,0.2452000007033348,0.27569999173283577,0.0036560000000000004,0.0016760000000000002,0.0007647500000000001,0.000254576,6.9207e-05,0.005374435354373553,0.03816903493020697
gp_18_07_07_2023,18,Garden_Plots,Sampling_07_07_2023,tomato,0.6092999875545502,0.576200008392334,0.566200029104948,0.028792000000000005,0.014196000000000002,0.006751000000000001,0.0018376960000000002,0.00036931400000000004,0.09271723824042803,0.2636116252571772
gp_19_06_24_2023,19,Garden_Plots,Sampling_06_24_2023,tomato,0.2526000067591667,0.23839999735355377,0.265599986538291,0.0032960000000000008,0.0014520000000000002,0.0006602500000000001,0.000215376,6.1078e-05,0.005884604324705414,0.041261429599534424
gp_19_08_02_2023,19,Garden_Plots,Sampling_08_02_2023,tomato,0.6095000058412552,0.6094999834895134,1.194000038318336,0.09845600000000002,0.04162300000000001,0.011904875000000002,0.0009776960000000001,0.000130833,0.3570813529231229,0.3689244433527842
gp_19_08_12_2023,19,Garden_Plots,Sampling_08_12_2023,tomato,1.1474999785423279,0.971699982881546,1.0935000347162713,0.16724800000000004,0.06870200000000001,0.019669625000000003,0.0016153600000000001,0.000216502,0.7854668794898475,1.014480286939701
gp_19_08_25_2023,19,Garden_Plots,Sampling_08_25_2023,tomato,1.0002999901771545,1.1494999825954437,1.3671999475336634,0.25064800000000004,0.10311900000000002,0.024986000000000005,0.0019648720000000003,0.00025918,1.0226104565305518,0.9367600405545705
gp_19_09_01_2023,19,Garden_Plots,Sampling_09_01_2023,tomato,1.1642000079154968,1.1693000197410583,1.4455000162124634,0.30528800000000006,0.12094200000000002,0.025598000000000003,0.001944512,0.000256397,1.3089036159240488,1.1393728280332063
gp_20_06_24_2023,20,Garden_Plots,Sampling_06_24_2023,tomato,0.22360000014305115,0.25730000436306,0.20429999381303787,0.0028800000000000006,0.0013670000000000002,0.0006071250000000001,0.000199872,5.7937000000000005e-05,0.004526570475541537,0.03952185496132491
gp_20_08_02_2023,20,Garden_Plots,Sampling_08_02_2023,tomato,0.7643000185489655,0.8067000210285187,1.2813999818827142,0.15541600000000003,0.06586700000000001,0.018892750000000003,0.00154888,0.000209106,0.5249110222765248,0.5449314296513619
gp_20_08_12_2023,20,Garden_Plots,Sampling_08_12_2023,tomato,1.1159000396728516,1.134600043296814,1.243099944498681,0.17892000000000002,0.07672000000000001,0.022441125000000003,0.001854448,0.00024895,0.9359901587673886,1.0778077045814987
gp_20_08_25_2023,20,Garden_Plots,Sampling_08_25_2023,tomato,1.2022000551223755,0.9389999806880951,1.4100999998117913,0.21313600000000005,0.08743000000000001,0.021437250000000005,0.0016855040000000002,0.00022344900000000002,0.9564012404770673,0.9388727800115724
gp_20_09_07_2023,20,Garden_Plots,Sampling_09_07_2023,tomato,1.1546000242233276,1.2678000330924988,1.1790999837976415,0.24831200000000003,0.10371100000000001,0.025594125000000006,0.002021424,0.00026713,1.0126215617488652,1.198390503767472
gp_20_09_20_2023,20,Garden_Plots,Sampling_09_20_2023,tomato,1.3675000071525574,1.4350999593734741,1.2604999542236328,0.27399200000000007,0.10999200000000002,0.023560000000000005,0.001807736,0.00023720900000000003,1.508577687814058,1.6018751236971984
gp_20_10_02_2023,20,Garden_Plots,Sampling_10_02_2023,tomato,1.7919999957084656,1.678600013256073,1.2765000364161097,0.35949600000000004,0.14280900000000002,0.030379875000000004,0.002315016,0.00030401500000000004,1.7797394403435793,2.382471780071291
gp_21_06_24_2023,21,Garden_Plots,Sampling_06_24_2023,tomato,0.26750001311302185,0.2677000090479851,0.29870001412928104,0.004224,0.0019610000000000005,0.0009181250000000001,0.000312624,8.351e-05,0.008877362567880395,0.05351886538720247
gp_21_07_07_2023,21,Garden_Plots,Sampling_07_07_2023,tomato,0.9123999625444412,0.7605000287294388,0.2806000147393206,0.014952000000000002,0.006696000000000001,0.0027812500000000003,0.000762648,0.000191158,0.05771809330337375,0.4169056342869183
gp_22_06_24_2023,22,Garden_Plots,Sampling_06_24_2023,watermelon,0.16929999738931656,0.14220000430941582,0.1481000054627657,0.0013520000000000001,0.0006360000000000001,0.00029862500000000006,9.319200000000001e-05,2.2294e-05,0.0015799772207800878,0.016519479186011918
gp_22_07_07_2023,22,Garden_Plots,Sampling_07_07_2023,watermelon,0.753700003027916,0.5817999988794327,0.24310000706464052,0.013520000000000003,0.005616000000000001,0.0022970000000000004,0.000602688,0.000131728,0.03908812814256777,0.2637195589124667
gp_23_06_24_2023,23,Garden_Plots,Sampling_06_24_2023,watermelon,0.08500000089406967,0.11780000478029251,0.13999999780207872,0.0005680000000000001,0.00024100000000000003,0.00010437500000000002,3.6264000000000004e-05,1.1467e-05,0.0003538722142094083,0.006478120166234791
gp_23_08_02_2023,23,Garden_Plots,Sampling_08_02_2023,watermelon,1.3097999691963196,2.324299931526184,0.40060000628000125,0.132336,0.05595100000000001,0.020685375000000002,0.003189912,0.00047539100000000003,0.8249642457346937,2.7342030459984277
gp_23_08_12_2023,23,Garden_Plots,Sampling_08_12_2023,watermelon,0.7480999827384949,2.1136000752449036,0.2906999953847844,0.08965600000000001,0.038243000000000006,0.014526250000000003,0.002456816,0.00037996400000000005,0.3292932472571388,1.2926488494241672
gp_23_08_25_2023,23,Garden_Plots,Sampling_08_25_2023,watermelon,0.7638999819755554,2.420699954032898,0.36489999294281006,0.070776,0.028702000000000005,0.009014000000000001,0.000816208,0.000112446,0.40833661147514694,1.5235468086562887
gp_23_09_07_2023,23,Garden_Plots,Sampling_09_07_2023,watermelon,0.9067999720573425,2.2466999292373657,0.3171999918486108,0.06412000000000001,0.027519000000000005,0.009549750000000001,0.0008621680000000001,0.000117072,0.38447481881782225,1.7532717241764073
gp_23_09_20_2023,23,Garden_Plots,Sampling_09_20_2023,watermelon,1.047799974679947,1.5965999960899353,0.3111999962857226,0.03431200000000001,0.014093000000000003,0.005094375000000001,0.0007037040000000001,0.000101927,0.2508533951644909,1.3099915650473846
gp_24_06_24_2023,24,Garden_Plots,Sampling_06_24_2023,watermelon,0.15410000085830688,0.24309999868273735,0.21500000543892384,0.0019120000000000003,0.0008000000000000001,0.00036437500000000006,0.00012367200000000002,3.2137e-05,0.0035077931900621188,0.028106314261828257
gp_24_07_07_2023,24,Garden_Plots,Sampling_07_07_2023,watermelon,0.753700003027916,0.5817999988794327,0.24310000706464052,0.013520000000000003,0.005616000000000001,0.0022970000000000004,0.000602688,0.000131728,0.03908812814256777,0.2637195589124667
gp_01_06_24_2023,01,Garden_Plots,Sampling_06_24_2023,tomato,0.3440999984741211,0.29580000042915344,0.33310000225901604,0.006728000000000001,0.0030260000000000005,0.0014627500000000003,0.000509928,0.000140104,0.015330536746396936,0.08132464543343292
gp_01_08_02_2023,01,Garden_Plots,Sampling_08_02_2023,tomato,0.8325999975204468,0.6171999871730804,1.1599999936297536,0.09224800000000001,0.04113800000000001,0.015394000000000003,0.0013574000000000001,0.000185126,0.40848624651079596,0.492387499919703
gp_01_08_12_2023,01,Garden_Plots,Sampling_08_12_2023,tomato,0.8755000233650208,0.7766000032424927,1.0487000048160553,0.11320000000000002,0.04919900000000001,0.016704250000000004,0.001524032,0.000207313,0.5252377806920592,0.6541199301563562
gp_01_08_25_2023,01,Garden_Plots,Sampling_08_25_2023,tomato,0.9998999834060669,0.8358999937772751,1.3899999856948853,0.19424800000000003,0.07953100000000002,0.022856125000000005,0.0018960880000000002,0.000253516,0.8543480827870695,0.7944960822168269
gp_01_09_07_2023,01,Garden_Plots,Sampling_09_07_2023,tomato,1.2519999742507935,0.8598999977111816,1.2559000253677368,0.20060800000000004,0.07972500000000002,0.019349,0.001516832,0.00019986500000000003,0.951478354594095,1.0432191894123135
gp_01_09_20_2023,01,Garden_Plots,Sampling_09_20_2023,tomato,1.2912999987602234,1.072299987077713,1.292500052266405,0.21736800000000003,0.082392,0.017234000000000003,0.0013087440000000001,0.00017175800000000002,1.2991151681412458,1.3656796238329858
gp_01_10_04_2023,01,Garden_Plots,Sampling_10_04_2023,tomato,1.4666000008583069,1.2863999903202057,1.1899999546076288,0.269896,0.10422000000000002,0.022067000000000003,0.001681456,0.00022109900000000002,1.465276780226384,1.805905059104961
gp_02_06_24_2023,02,Garden_Plots,Sampling_06_24_2023,tomato,0.6089999973773956,0.609499990940094,0.68619998334907,0.03462400000000001,0.014652000000000002,0.006086500000000001,0.0013690800000000002,0.000241837,0.18016426643440034,0.35270496850224187
gp_03_06_24_2023,03,Garden_Plots,Sampling_06_24_2023,tomato,0.609499990940094,0.609499990940094,0.592499978170963,0.034472,0.015279000000000003,0.006700500000000001,0.001730816,0.00035617,0.1515027965126249,0.3344393566546015
gp_03_08_02_2023,03,Garden_Plots,Sampling_08_02_2023,tomato,0.6714000105857849,0.7335000038146973,0.8679999709129333,0.034184000000000006,0.014880000000000003,0.006214750000000001,0.00110308,0.000167285,0.174820606374138,0.35822896257245623
gp_03_08_12_2023,03,Garden_Plots,Sampling_08_12_2023,tomato,0.7518999874591827,0.762499988079071,0.8631000254681567,0.05570400000000001,0.024588000000000006,0.009926375000000001,0.001747608,0.00027126900000000003,0.265332166037065,0.48632521595218176
gp_03_08_25_2023,03,Garden_Plots,Sampling_08_25_2023,tomato,0.7582000195980072,0.8560000061988831,0.7974999712969293,0.04444000000000001,0.017237000000000002,0.006280250000000001,0.0011554640000000001,0.00019126600000000002,0.2859418643814289,0.5456147960309152
gp_03_09_07_2023,03,Garden_Plots,Sampling_09_07_2023,tomato,0.6888999938964844,0.7936999797821045,0.859000027179718,0.08805600000000001,0.043127000000000006,0.016810375000000002,0.0014903120000000001,0.00020208400000000003,0.26294873198792573,0.44623410471028957
gp_03_09_20_2023,03,Garden_Plots,Sampling_09_20_2023,tomato,0.8050999939441681,0.8132000118494034,0.7764999768114649,0.09173600000000001,0.04544800000000001,0.016319125000000004,0.0015551520000000002,0.00021395000000000002,0.3115967647868015,0.5276831407043786
gp_03_10_04_2023,03,Garden_Plots,Sampling_10_04_2023,tomato,0.8548000156879425,0.8237999975681305,0.9728000231843907,0.09424000000000002,0.042933000000000006,0.016787750000000004,0.0014315200000000001,0.000195879,0.408530967621007,0.580788491563612
gp_04_06_24_2023,04,Garden_Plots,Sampling_06_24_2023,tomato,0.6092999875545502,0.609499990940094,0.675600019400008,0.03749600000000001,0.017566000000000002,0.007842000000000002,0.0018587360000000002,0.000335569,0.15226400603031387,0.3099858618437149
gp_04_08_02_2023,04,Garden_Plots,Sampling_08_02_2023,tomato,0.8962999880313873,0.6234999895095825,1.0224999521306017,0.04612000000000001,0.017083000000000004,0.005996500000000001,0.0009191760000000001,0.000134148,0.3305533411187189,0.4775992277862548
gp_04_08_12_2023,04,Garden_Plots,Sampling_08_12_2023,tomato,0.6132000088691711,0.6198999881744385,0.9162999894469976,0.068584,0.032282000000000005,0.011057875000000002,0.001031512,0.00014119300000000002,0.22672425449100905,0.3506750288455852
gp_04_08_25_2023,04,Garden_Plots,Sampling_08_25_2023,tomato,0.6721999943256378,0.6319999992847443,0.8844000267054071,0.07089600000000001,0.03236700000000001,0.010737125000000002,0.000998952,0.000136371,0.2459941405752706,0.39712097436156274
gp_04_09_07_2023,04,Garden_Plots,Sampling_09_07_2023,tomato,0.7897999882698059,0.7590999901294708,1.00160004368081,0.07864000000000002,0.03843300000000001,0.013916375000000002,0.001293792,0.000176824,0.26561637901207713,0.3968749022885148
gp_04_09_20_2023,04,Garden_Plots,Sampling_09_20_2023,tomato,0.8346999883651733,0.7677000164985657,1.0316000150705804,0.07998400000000001,0.03936800000000001,0.014335375000000003,0.001336448,0.00018274600000000002,0.31686643067557285,0.45463347433598944
gp_04_10_04_2023,04,Garden_Plots,Sampling_10_04_2023,tomato,0.8580000102519989,0.7692000269889832,1.00570000877633,0.08824000000000001,0.04157600000000001,0.014059875000000003,0.00131944,0.000182809,0.3478092185782215,0.4720704721234476
gp_05_06_24_2023,05,Garden_Plots,Sampling_06_24_2023,tomato,0.6095000207424164,0.6095000058412552,0.7674999833106995,0.03990400000000001,0.017093000000000004,0.006956000000000001,0.001413416,0.00023562300000000002,0.1854452901616168,0.34872783205756586
gp_05_08_02_2023,05,Garden_Plots,Sampling_08_02_2023,tomato,0.9116999804973602,0.6559000015258789,1.0938000120222569,0.053472000000000006,0.021510000000000005,0.007840125000000002,0.0011178960000000002,0.000158383,0.3701337379288805,0.5345117919028519
gp_05_08_12_2023,05,Garden_Plots,Sampling_08_12_2023,tomato,0.9996999800205231,0.6685999929904938,1.0968999937176704,0.09068000000000001,0.037362000000000006,0.013441750000000002,0.001133888,0.00015479100000000002,0.43625701298873265,0.55989372631137
gp_05_08_25_2023,05,Garden_Plots,Sampling_08_25_2023,tomato,0.8901000022888184,0.7053000032901764,1.1202999519373407,0.10184000000000001,0.04386500000000001,0.014856625000000002,0.0013551120000000001,0.000184725,0.46881247462654574,0.5608470116059796
gp_05_09_01_2023,05,Garden_Plots,Sampling_09_01_2023,tomato,1.0153000056743622,0.9549000263214111,1.1298999786376953,0.15747200000000003,0.06696500000000001,0.019798125000000003,0.0016259360000000001,0.000220537,0.6720540174625702,0.8827416193127241
gp_06_06_24_2023,06,Garden_Plots,Sampling_06_24_2023,tomato,0.609499990940094,0.609499990940094,0.5769000090658665,0.035944000000000004,0.015025000000000002,0.005996625000000001,0.0012939120000000001,0.000235183,0.13771840546017816,0.3150999835505403
gp_06_08_02_2023,06,Garden_Plots,Sampling_08_02_2023,tomato,0.8664999902248383,0.6225000023841858,1.260000042617321,0.09840800000000002,0.043036000000000005,0.012668750000000003,0.001054664,0.000141229,0.38892889586130175,0.48672140877010023
gp_06_08_12_2023,06,Garden_Plots,Sampling_08_12_2023,tomato,0.9419000148773193,0.6336999833583832,1.3249999601393938,0.10706400000000002,0.04748000000000001,0.014270625000000002,0.0014239760000000002,0.000193592,0.42497323569477824,0.48347307566469694
gp_06_08_25_2023,06,Garden_Plots,Sampling_08_25_2023,tomato,0.9998999834060669,0.7398999929428101,1.2818000316619873,0.14408800000000002,0.05929100000000001,0.016990250000000002,0.0013840480000000001,0.00018698100000000002,0.7170209031405965,0.6798004214445276
gp_06_09_01_2023,06,Garden_Plots,Sampling_09_01_2023,tomato,0.8868000209331512,0.8184999823570251,1.1837999820709229,0.15532,0.06691000000000001,0.016718375000000004,0.0013103280000000001,0.000175346,0.6252446914343908,0.6538049070288078
gp_07_06_24_2023,07,Garden_Plots,Sampling_06_24_2023,tomato,0.609499990940094,0.609499990940094,0.7705999846220948,0.04516800000000001,0.020312000000000004,0.008716250000000002,0.001804496,0.000294449,0.2026087961577833,0.3626695325187957
gp_07_08_02_2023,07,Garden_Plots,Sampling_08_02_2023,tomato,0.807699978351593,0.5611999928951263,1.3549999828101136,0.053576000000000006,0.020124000000000003,0.0070612500000000016,0.001026576,0.000147243,0.4228153726050866,0.42193477324672174
gp_08_06_24_2023,08,Garden_Plots,Sampling_06_24_2023,tomato,0.6095000058412552,0.6092999875545502,0.7624999820254743,0.03567200000000001,0.014675000000000002,0.005814000000000001,0.0011949200000000001,0.00020894200000000002,0.19360002432919288,0.3468430064590182
gp_08_08_02_2023,08,Garden_Plots,Sampling_08_02_2023,tomato,0.6339000165462494,0.4518000141251832,1.2344999425113201,0.08090400000000002,0.035897000000000005,0.010725375000000002,0.000891576,0.00011944000000000001,0.23900768195680905,0.26703894248862425
gp_09_06_24_2023,09,Garden_Plots,Sampling_06_24_2023,tomato,0.609499990940094,0.609499990940094,0.6819000169634819,0.03436000000000001,0.013748000000000002,0.005337500000000001,0.001041384,0.00016968700000000002,0.1560868389702716,0.3266844451883376
pv_R1C4_06_22_2023,R1C4,Pepper_Variety_Trial,Sampling_06_22_2023,pepper,0.41030000150203705,2.2544999718666077,0.5375000033527613,0.07437600000000001,0.031183000000000006,0.011873375000000002,0.0018424720000000002,0.000268049,0.370703391699838,0.8529251471028995
pv_R1C4_07_04_2023,R1C4,Pepper_Variety_Trial,Sampling_07_04_2023,pepper,0.6471999883651733,2.2375000715255737,0.7904999852180481,0.11149600000000001,0.04131200000000001,0.014090625000000002,0.002039776,0.00029719800000000004,0.7987847882768105,1.3635929199963182
pv_R1C4_07_21_2023,R1C4,Pepper_Variety_Trial,Sampling_07_21_2023,pepper,0.8772999942302704,2.4383000135421753,0.7655999828130007,0.25453600000000004,0.09649000000000002,0.015475750000000003,0.0011273840000000002,0.000146183,1.1082884543568097,2.0047078091285027
pv_R1C4_08_12_2023,R1C4,Pepper_Variety_Trial,Sampling_08_12_2023,pepper,0.9142999947071075,2.1969000101089478,0.8190000192844309,0.260736,0.10585100000000001,0.022412500000000005,0.0017043280000000002,0.00022332800000000001,1.154946942430283,1.89506120759909
pv_R1C4_08_26_2023,R1C4,Pepper_Variety_Trial,Sampling_08_26_2023,pepper,0.9142999947071075,2.4383000135421753,0.7936999797821045,0.32790400000000003,0.11363500000000001,0.019256750000000003,0.001421296,0.00018390500000000002,1.3228933610240785,2.1042938079219464
pv_R1C4_09_08_2023,R1C4,Pepper_Variety_Trial,Sampling_09_08_2023,pepper,0.9142999947071075,2.4383000135421753,0.8162000179290771,0.35529600000000006,0.128621,0.022026000000000004,0.001605552,0.00020963100000000003,1.4268169444057097,2.158337430809338
pv_R1C4_09_21_2023,R1C4,Pepper_Variety_Trial,Sampling_09_21_2023,pepper,0.9142999947071075,2.4383000135421753,0.8482000231742859,0.36328000000000005,0.13636,0.023172375000000005,0.001682864,0.00021661,1.5297541239047636,2.169905730232523
pv_R1C4_10_05_2023,R1C4,Pepper_Variety_Trial,Sampling_10_05_2023,pepper,0.9143000245094299,2.3519999980926514,0.8744000196456909,0.3491040000000001,0.14319400000000002,0.030681250000000004,0.00232744,0.000307298,1.4268263490064883,2.1054157376867972
pv_R1C4_10_20_2023,R1C4,Pepper_Variety_Trial,Sampling_10_20_2023,pepper,0.914000004529953,2.3693000078201294,0.8837000033236109,0.325904,0.12072700000000001,0.020632125000000005,0.001493928,0.00019509800000000002,1.4429825462900248,2.1368919017326338
pv_R1C41_06_22_2023,R1C41,Pepper_Variety_Trial,Sampling_06_22_2023,pepper,0.2964000105857849,0.32110001146793365,0.3500000014901161,0.010288000000000002,0.0049960000000000004,0.0023932500000000004,0.000703128,0.000138688,0.02035552738686787,0.0742004366114331
pv_R1C42_06_22_2023,R1C42,Pepper_Variety_Trial,Sampling_06_22_2023,pepper,0.4130000025033951,0.4356999844312668,0.5007000109180808,0.019960000000000002,0.009478000000000002,0.0043985000000000005,0.0012078,0.00023297900000000002,0.05572885289465595,0.1421131855510646
pv_R1C43_06_22_2023,R1C43,Pepper_Variety_Trial,Sampling_06_22_2023,pepper,0.32520000636577606,0.34740000218153,0.49810000270372257,0.012480000000000002,0.005844000000000001,0.0027472500000000006,0.00086556,0.000203345,0.03476536934138274,0.09946899037073574
pv_R1C44_06_22_2023,R1C44,Pepper_Variety_Trial,Sampling_06_22_2023,pepper,0.39810000360012054,0.3974999934434891,0.47619998548179865,0.019616000000000005,0.009634000000000002,0.004590375000000001,0.00141164,0.000327267,0.044719517503067366,0.12478236429160516
pv_R1C45_06_22_2023,R1C45,Pepper_Variety_Trial,Sampling_06_22_2023,pepper,0.40369999408721924,0.408500000834465,0.4844000075390795,0.017112000000000002,0.008118000000000002,0.003847625000000001,0.001246064,0.00031526700000000004,0.04340319133708374,0.12143487880263484
pv_R1C7_06_22_2023,R1C7,Pepper_Variety_Trial,Sampling_06_22_2023,pepper,0.48890000581741333,2.2638999223709106,0.5892999836069066,0.08975200000000001,0.03447800000000001,0.011569625000000002,0.001668624,0.000245365,0.48140446529356307,0.9993971798512941
pv_R1C7_07_04_2023,R1C7,Pepper_Variety_Trial,Sampling_07_04_2023,pepper,0.6823999881744385,2.437999963760376,0.6881999876350164,0.14692800000000003,0.06173800000000001,0.015187000000000003,0.001191736,0.00015696900000000002,0.6302868298245633,1.3114965408596995
pv_R1C7_07_21_2023,R1C7,Pepper_Variety_Trial,Sampling_07_21_2023,pepper,0.7979000210762024,2.4383000135421753,0.8074999888194725,0.23518400000000003,0.09569800000000002,0.020295500000000005,0.0015310240000000002,0.00020150700000000002,1.053042820661717,1.8470436891544617
pv_R1C7_08_12_2023,R1C7,Pepper_Variety_Trial,Sampling_08_12_2023,pepper,0.9010000228881836,2.4383000135421753,0.8370000289942254,0.24653600000000003,0.09978100000000002,0.021083500000000005,0.001607312,0.00021028300000000002,1.3398617563851203,2.1448345114293583
pv_R1C7_08_26_2023,R1C7,Pepper_Variety_Trial,Sampling_08_26_2023,pepper,0.9140999913215637,2.4383000135421753,0.8640000125742517,0.27309600000000006,0.10965900000000002,0.023411375000000005,0.001776472,0.000234257,1.417557922945315,2.2202959033314706
pv_R1C7_09_08_2023,R1C7,Pepper_Variety_Trial,Sampling_09_08_2023,pepper,0.9142000079154968,2.4383000135421753,0.9143999882799108,0.29801600000000006,0.11481300000000001,0.018284,0.001336464,0.000173923,1.5062307608864731,2.195769720167932
pv_R1C7_09_21_2023,R1C7,Pepper_Variety_Trial,Sampling_09_21_2023,pepper,0.9143000245094299,2.4383000135421753,0.9040000174572924,0.33108000000000004,0.13934400000000002,0.030186625000000005,0.002310088,0.00030552700000000004,1.5317626185476043,2.222454199533802
pv_R1C7_10_05_2023,R1C7,Pepper_Variety_Trial,Sampling_10_05_2023,pepper,0.9142999947071075,2.4383000135421753,0.9059000015258789,0.33373600000000003,0.14036900000000002,0.030347500000000006,0.0023152240000000003,0.00030663800000000003,1.6165983243256719,2.228573048314565
pv_R1C7_10_20_2023,R1C7,Pepper_Variety_Trial,Sampling_10_20_2023,pepper,0.9142999947071075,2.39900004863739,0.9165000055363635,0.27088000000000007,0.11123200000000003,0.023950000000000003,0.00183028,0.00024115,1.4556759241798394,2.138559779160115
pv_R1C71_06_22_2023,R1C71,Pepper_Variety_Trial,Sampling_06_22_2023,pepper,0.43080000579357147,0.4279000014066696,0.7092000246047974,0.029960000000000004,0.014446000000000002,0.006790375000000001,0.001858176,0.00037220900000000003,0.07477218430737133,0.13965025645097254
pv_R1C72_06_22_2023,R1C72,Pepper_Variety_Trial,Sampling_06_22_2023,pepper,0.40230000019073486,0.4496000036597252,0.6306000253534876,0.023312000000000003,0.010191000000000002,0.004318250000000001,0.001030136,0.00019291700000000002,0.07013480557986565,0.14173046325072128
pv_R1C73_06_22_2023,R1C73,Pepper_Variety_Trial,Sampling_06_22_2023,pepper,0.3771999925374985,0.4033000022172928,0.574400007724762,0.023008000000000004,0.010990000000000002,0.005064000000000001,0.0014816480000000001,0.000342547,0.0564066978765111,0.12096934466191073
pv_R1C74_06_22_2023,R1C74,Pepper_Variety_Trial,Sampling_06_22_2023,pepper,0.445700004696846,0.47200000286102295,0.5449999804259278,0.023888000000000003,0.010726000000000001,0.004760750000000001,0.0013711440000000001,0.000333431,0.06876598839377954,0.15744485335507777
pv_R1C75_06_22_2023,R1C75,Pepper_Variety_Trial,Sampling_06_22_2023,pepper,0.4350000023841858,0.4804999977350235,0.7156000095419586,0.032872000000000005,0.016333000000000004,0.0076396250000000014,0.0018398720000000002,0.000331017,0.08644752230708042,0.16480540529861226
pv_R2C4_06_22_2023,R2C4,Pepper_Variety_Trial,Sampling_06_22_2023,pepper,0.5308000147342682,2.298799991607666,0.6838000152638415,0.11428000000000002,0.044777000000000004,0.016213625000000002,0.002540168,0.00037622100000000004,0.5128566210962323,1.0540460798909084
pv_R2C4_07_04_2023,R2C4,Pepper_Variety_Trial,Sampling_07_04_2023,pepper,0.6398000121116638,2.4383000135421753,0.6945000030100346,0.19241600000000003,0.07835100000000002,0.016696750000000003,0.0012622640000000001,0.00016642300000000002,0.6965073886863632,1.4428475102786213
pv_R2C4_07_21_2023,R2C4,Pepper_Variety_Trial,Sampling_07_21_2023,pepper,0.9090999960899353,2.4383000135421753,0.7855000048875809,0.25497600000000004,0.10455100000000002,0.022349875000000005,0.001681736,0.000222133,1.1396381787352525,2.0619142252821385
pv_R2C4_08_12_2023,R2C4,Pepper_Variety_Trial,Sampling_08_12_2023,pepper,0.9142999947071075,2.2549999952316284,0.8584999939776026,0.25842400000000004,0.10536500000000001,0.022410625000000003,0.0017155920000000002,0.000223717,1.382720588930858,1.9604525693101496
pv_R2C4_08_26_2023,R2C4,Pepper_Variety_Trial,Sampling_08_26_2023,pepper,0.9143000245094299,2.1941999793052673,1.0640000270868768,0.30437600000000004,0.12462200000000002,0.026613875000000006,0.00202536,0.000266458,1.6830001980640756,2.001617809198589
pv_R2C4_09_08_2023,R2C4,Pepper_Variety_Trial,Sampling_09_08_2023,pepper,0.9142000079154968,2.2157000303268433,1.084399988350924,0.35989600000000005,0.13646700000000003,0.022750125000000003,0.001646328,0.000215266,1.7444851343317176,2.013280504637215
pv_R2C4_09_21_2023,R2C4,Pepper_Variety_Trial,Sampling_09_21_2023,pepper,0.9143000245094299,2.4382998943328857,1.094399978814181,0.42244800000000005,0.15213000000000002,0.026025500000000003,0.0018918320000000002,0.00024680000000000004,2.009251846426716,2.2213917954717437
pv_R2C4_10_05_2023,R2C4,Pepper_Variety_Trial,Sampling_10_05_2023,pepper,0.9142999947071075,2.4093000888824463,1.0561999580240808,0.38484000000000007,0.15050600000000003,0.024072875000000004,0.0017699200000000001,0.00023013900000000003,1.9469868297344026,2.1911815579515714
pv_R2C4_10_20_2023,R2C4,Pepper_Variety_Trial,Sampling_10_20_2023,pepper,0.9142999947071075,2.1985000371932983,1.1230000589421252,0.32890400000000003,0.13127500000000003,0.027794750000000003,0.002103288,0.00027799300000000003,1.7055252136355774,1.9348945154503285
pv_R2C41_06_22_2023,R2C41,Pepper_Variety_Trial,Sampling_06_22_2023,pepper,0.3971000015735626,0.3848999887704849,0.5299999793060124,0.018184000000000002,0.008561000000000001,0.003978875000000001,0.001105288,0.00022076000000000002,0.052338651938936005,0.1246983169013695
pv_R2C42_06_22_2023,R2C42,Pepper_Variety_Trial,Sampling_06_22_2023,pepper,0.39549998939037323,0.42420001327991486,0.5162000127893407,0.023984000000000005,0.011898000000000002,0.005605000000000001,0.0016585200000000001,0.000370634,0.056342927481361174,0.1394865948644939
pv_R2C43_06_22_2023,R2C43,Pepper_Variety_Trial,Sampling_06_22_2023,pepper,0.38270001113414764,0.4715999960899353,0.5212000235915184,0.021816000000000002,0.010535000000000001,0.005082375000000001,0.0015170560000000001,0.00033726700000000004,0.05792482240553465,0.14926858463371256
pv_R2C44_06_22_2023,R2C44,Pepper_Variety_Trial,Sampling_06_22_2023,pepper,0.35680000483989716,0.38599999248981476,0.5036999732255936,0.015232000000000002,0.007074000000000001,0.0033030000000000004,0.000991576,0.00021878900000000002,0.04176086949004199,0.11139122046379259
pv_R2C45_06_22_2023,R2C45,Pepper_Variety_Trial,Sampling_06_22_2023,pepper,0.45340000092983246,0.41739998757839203,0.5362999771168688,0.021104000000000005,0.010026000000000002,0.004673125000000001,0.0014242080000000002,0.000327525,0.059598137963639254,0.14851654353168264
pv_R2C7_06_22_2023,R2C7,Pepper_Variety_Trial,Sampling_06_22_2023,pepper,0.49809999763965607,2.4190999269485474,0.6906000277376734,0.127704,0.04968200000000001,0.017695125000000003,0.0026986880000000003,0.000393228,0.6112733560172497,1.0824414536488116
pv_R2C7_07_04_2023,R2C7,Pepper_Variety_Trial,Sampling_07_04_2023,pepper,0.6863000094890594,2.415600061416626,0.7715000230818987,0.22514400000000004,0.08917300000000002,0.018805125000000002,0.0014277600000000001,0.000187216,0.891897719342395,1.531001640331339
pv_R2C7_07_21_2023,R2C7,Pepper_Variety_Trial,Sampling_07_21_2023,pepper,0.9054999947547913,2.4383000135421753,0.8388000296617975,0.31160800000000005,0.11263800000000002,0.019529000000000005,0.001399464,0.00018172700000000002,1.3219329461581113,2.0653048205208946
pv_R2C7_08_12_2023,R2C7,Pepper_Variety_Trial,Sampling_08_12_2023,pepper,0.9140999913215637,2.4204999804496765,0.9042999977828003,0.31109600000000004,0.10628800000000002,0.018186625,0.00133036,0.00017479300000000002,1.5408590682405245,2.1814300509940225
pv_R2C7_08_26_2023,R2C7,Pepper_Variety_Trial,Sampling_08_26_2023,pepper,0.9142999947071075,2.4321999549865723,1.0130999917746522,0.34374400000000005,0.12763100000000002,0.021936875000000005,0.0015959840000000002,0.00020520800000000002,1.6656845697241867,2.190678502597642
pv_R2C7_09_08_2023,R2C7,Pepper_Variety_Trial,Sampling_09_08_2023,pepper,0.9139000177383423,2.4382998943328857,0.953099999242113,0.36968000000000006,0.13209100000000001,0.022734000000000004,0.0016772080000000001,0.00021997500000000002,1.6370357442024288,2.190033977521959
pv_R2C7_09_21_2023,R2C7,Pepper_Variety_Trial,Sampling_09_21_2023,pepper,0.9142999947071075,2.4383000135421753,0.9617999792098999,0.39903200000000005,0.14594300000000002,0.025429375000000004,0.0018463680000000001,0.000241083,1.7485181709089364,2.181068311447789
pv_R2C7_10_05_2023,R2C7,Pepper_Variety_Trial,Sampling_10_05_2023,pepper,0.9143000245094299,2.4382998943328857,1.0875000259256922,0.36527200000000004,0.13647000000000004,0.023462750000000004,0.0017014240000000002,0.00022029500000000002,1.6914714004291425,2.207107991583145
pv_R2C7_10_20_2023,R2C7,Pepper_Variety_Trial,Sampling_10_20_2023,pepper,0.9140999913215637,2.4383000135421753,1.089900016784668,0.32541600000000004,0.12377700000000003,0.020426250000000003,0.00149748,0.00019417000000000002,1.645859681625871,2.166386164721194
pv_R2C71_06_22_2023,R2C71,Pepper_Variety_Trial,Sampling_06_22_2023,pepper,0.48669999837875366,0.49230000376701355,0.7087000245810486,0.031064000000000005,0.014948000000000003,0.006971500000000001,0.0018281600000000001,0.000348115,0.09511062298372185,0.18029703516132028
pv_R2C72_06_22_2023,R2C72,Pepper_Variety_Trial,Sampling_06_22_2023,pepper,0.387800008058548,0.4649000018835068,0.6969000267054071,0.027272000000000005,0.012832000000000001,0.005971125000000001,0.0017846560000000001,0.000402382,0.07759428839500784,0.15053780770333822
pv_R2C73_06_22_2023,R2C73,Pepper_Variety_Trial,Sampling_06_22_2023,pepper,0.4174000024795532,0.3781999945640564,0.5168000097037293,0.022288000000000002,0.010794000000000002,0.005122875000000001,0.0015489680000000002,0.00034292000000000003,0.05104550575538533,0.12112259510251382
pv_R2C74_06_22_2023,R2C74,Pepper_Variety_Trial,Sampling_06_22_2023,pepper,0.4043999910354614,0.40369998663663864,0.6025000251829624,0.023376000000000004,0.011046000000000002,0.005217750000000001,0.001500856,0.00032234,0.060216526027611086,0.1278124505466235
pv_R2C75_06_22_2023,R2C75,Pepper_Variety_Trial,Sampling_06_22_2023,pepper,0.4412999898195267,0.48319999873638153,0.7042999863624573,0.031912,0.014782000000000002,0.006780500000000001,0.0018228320000000001,0.000358409,0.09826212944325693,0.16828014357911
pv_R3C4_06_22_2023,R3C4,Pepper_Variety_Trial,Sampling_06_22_2023,pepper,0.4462999999523163,2.238699972629547,0.5518000027514063,0.09350400000000002,0.04038100000000001,0.015396750000000002,0.0025874080000000002,0.00039338700000000003,0.39114338802725507,0.9238286396358644
pv_R3C4_07_04_2023,R3C4,Pepper_Variety_Trial,Sampling_07_04_2023,pepper,0.6673000156879425,2.4165000915527344,0.7035000060132006,0.22633600000000004,0.09447500000000002,0.020156125000000004,0.001531632,0.00020042,0.7002939165748653,1.408867368443473
pv_R3C4_07_21_2023,R3C4,Pepper_Variety_Trial,Sampling_07_21_2023,pepper,0.9099000096321106,2.4383000135421753,0.731499994173646,0.29068800000000006,0.11993300000000003,0.025476000000000006,0.0019252800000000001,0.00025314200000000004,1.106384200375023,2.023911388405732
pv_R3C4_08_12_2023,R3C4,Pepper_Variety_Trial,Sampling_08_12_2023,pepper,0.9132999777793884,2.303999900817871,0.8774999945890158,0.23211200000000004,0.09472400000000002,0.020140250000000002,0.001537296,0.00020194100000000002,1.1098271142961,1.929226286927956
pv_R3C4_08_26_2023,R3C4,Pepper_Variety_Trial,Sampling_08_26_2023,pepper,0.9135999977588654,2.239000082015991,0.722999980149325,0.24700000000000005,0.10395500000000002,0.022397375000000004,0.0017065840000000001,0.00022383100000000002,0.9949474774656154,1.7579586269832252
pv_R3C4_09_08_2023,R3C4,Pepper_Variety_Trial,Sampling_09_08_2023,pepper,0.9139000177383423,2.4382998943328857,0.8459999893239001,0.30239200000000005,0.125286,0.027000500000000004,0.002056872,0.000272152,1.2722896031444164,2.1224489342035753
pv_R3C4_09_21_2023,R3C4,Pepper_Variety_Trial,Sampling_09_21_2023,pepper,0.9143000245094299,2.4383000135421753,0.785000016388949,0.30377600000000005,0.12764200000000003,0.027492000000000006,0.0021011840000000003,0.000275512,1.2789518668969706,2.0842405215911906
pv_R3C4_10_05_2023,R3C4,Pepper_Variety_Trial,Sampling_10_05_2023,pepper,0.9142999947071075,2.349900007247925,0.8385000228881836,0.31500000000000006,0.13173900000000002,0.028274875000000005,0.002165952,0.000284334,1.3500939121244748,1.991209397745606
pv_R3C4_10_20_2023,R3C4,Pepper_Variety_Trial,Sampling_10_20_2023,pepper,0.9141999781131744,2.419100046157837,0.9599999792408198,0.253296,0.10202900000000002,0.021680750000000002,0.0016615760000000001,0.00021703,1.5176886397224594,2.090105294906744
pv_R3C41_06_22_2023,R3C41,Pepper_Variety_Trial,Sampling_06_22_2023,pepper,0.3959999978542328,0.4244000166654587,0.5099999904632568,0.018984000000000004,0.009196000000000001,0.004254625000000001,0.001164848,0.000232295,0.05166593901032942,0.13020241072311864
pv_R3C42_06_22_2023,R3C42,Pepper_Variety_Trial,Sampling_06_22_2023,pepper,0.4250999987125397,0.43950000405311584,0.513100013602525,0.020760000000000004,0.009915000000000002,0.004695750000000001,0.0013687920000000002,0.00028941000000000004,0.05705364620886031,0.14595957041768762
pv_R3C43_06_22_2023,R3C43,Pepper_Variety_Trial,Sampling_06_22_2023,pepper,0.48750001192092896,0.46459998190402985,0.5443000197410583,0.022864000000000002,0.010869000000000002,0.0051547500000000005,0.0015247840000000002,0.000326161,0.0689122707474155,0.17219479562844514
pv_R3C44_06_22_2023,R3C44,Pepper_Variety_Trial,Sampling_06_22_2023,pepper,0.4506999999284744,0.477400004863739,0.4942999891936779,0.017920000000000002,0.008421000000000001,0.003955750000000001,0.00115488,0.000250333,0.055321614040709725,0.15596592113214375
pv_R3C45_06_22_2023,R3C45,Pepper_Variety_Trial,Sampling_06_22_2023,pepper,0.4166000038385391,0.4956999868154526,0.6424999888986349,0.03331200000000001,0.015558000000000002,0.0067810000000000014,0.00153256,0.00027898100000000003,0.087174269207831,0.17187643903151484
pv_R3C7_06_22_2023,R3C7,Pepper_Variety_Trial,Sampling_06_22_2023,pepper,0.48589999973773956,2.2734999656677246,0.718699999153614,0.11418400000000002,0.046047000000000005,0.016887250000000003,0.00245552,0.000348888,0.5961825015081187,1.023682957582268
pv_R3C7_07_04_2023,R3C7,Pepper_Variety_Trial,Sampling_07_04_2023,pepper,0.6834000051021576,2.4383000135421753,0.8757000211626291,0.26764000000000004,0.09404400000000002,0.016290250000000003,0.00119932,0.000155055,0.9764803290641371,1.5421031385838968
pv_R3C7_07_21_2023,R3C7,Pepper_Variety_Trial,Sampling_07_21_2023,pepper,0.7917999923229218,2.4383000135421753,0.8443000167608261,0.25413600000000003,0.10121900000000002,0.016597250000000004,0.001211992,0.00015747500000000002,1.1175205979406555,1.7991693079114763
pv_R3C7_08_12_2023,R3C7,Pepper_Variety_Trial,Sampling_08_12_2023,pepper,0.9139999747276306,2.4383000135421753,0.8949999790638685,0.27651200000000004,0.09786400000000002,0.016901750000000004,0.001241808,0.00015988000000000002,1.3425226544452509,2.103132093028636
pv_R3C7_08_26_2023,R3C7,Pepper_Variety_Trial,Sampling_08_26_2023,pepper,0.901199996471405,2.4383000135421753,1.0440000295639038,0.2900960000000001,0.11924800000000002,0.025456875000000004,0.0019322640000000002,0.00025504900000000003,1.4744949281852642,2.0249391652218574
pv_R3C7_09_08_2023,R3C7,Pepper_Variety_Trial,Sampling_09_08_2023,pepper,0.9099999964237213,2.4383000135421753,1.1017999980977038,0.27400800000000003,0.10110000000000002,0.017006375000000004,0.0012392640000000001,0.00015977300000000002,1.485264842135287,2.0751832413242
pv_R3C7_09_21_2023,R3C7,Pepper_Variety_Trial,Sampling_09_21_2023,pepper,0.9135000109672546,2.4383000135421753,1.1886999607086182,0.31738400000000005,0.11218200000000002,0.019118250000000003,0.001395504,0.00018171700000000002,1.581809809620287,1.9573091539590715
pv_R3C7_10_05_2023,R3C7,Pepper_Variety_Trial,Sampling_10_05_2023,pepper,0.9142000079154968,2.4383000135421753,1.183899998664856,0.29527200000000003,0.12138700000000002,0.025984500000000004,0.00197452,0.00026114300000000003,1.6266044778025281,1.9518103653535535
pv_R3C7_10_20_2023,R3C7,Pepper_Variety_Trial,Sampling_10_20_2023,pepper,0.8179999887943268,2.319999933242798,1.1319999860788812,0.24754400000000004,0.09940500000000002,0.021199000000000003,0.001605896,0.000212374,1.4008316161306402,1.6802585361063
pv_R3C71_06_22_2023,R3C71,Pepper_Variety_Trial,Sampling_06_22_2023,pepper,0.4564000070095062,0.467600017786026,0.7680999953299761,0.03367200000000001,0.016151000000000002,0.0074150000000000015,0.00173656,0.00030618400000000004,0.10456309886157975,0.17332522661778121
pv_R3C72_06_22_2023,R3C72,Pepper_Variety_Trial,Sampling_06_22_2023,pepper,0.45329999923706055,0.4941999912261963,0.7124999947845936,0.029216000000000006,0.013628000000000003,0.006265125000000001,0.00163352,0.00030701100000000005,0.0957501050261825,0.16978895055847726
pv_R3C73_06_22_2023,R3C73,Pepper_Variety_Trial,Sampling_06_22_2023,pepper,0.4511000066995621,0.46960000693798065,0.6937000211328268,0.03451200000000001,0.016867000000000004,0.0077490000000000015,0.001787296,0.00030788,0.09566407047322589,0.16847341356178855
pv_R3C74_06_22_2023,R3C74,Pepper_Variety_Trial,Sampling_06_22_2023,pepper,0.3905999958515167,0.4863999933004379,0.7174999713897705,0.033056,0.016151000000000002,0.007270500000000001,0.0017507360000000001,0.000315809,0.0900006155401407,0.14833309839393533
pv_R3C75_06_22_2023,R3C75,Pepper_Variety_Trial,Sampling_06_22_2023,pepper,0.4422000050544739,0.45479999482631683,0.7281999737024307,0.029280000000000004,0.014235000000000003,0.006612375000000001,0.0016772400000000002,0.000315049,0.08103912767062821,0.16021022907659926
pv_R4C4_06_22_2023,R4C4,Pepper_Variety_Trial,Sampling_06_22_2023,pepper,0.47280000150203705,2.3662999868392944,0.5324999923468567,0.09815200000000002,0.04406000000000001,0.017522375000000003,0.002643704,0.000373361,0.4533391271924427,1.0425055181219536
pv_R4C4_07_04_2023,R4C4,Pepper_Variety_Trial,Sampling_07_04_2023,pepper,0.6083999872207642,2.4351999759674072,0.6259999815374613,0.20640000000000003,0.09106800000000001,0.019857250000000003,0.0015112160000000001,0.000199573,0.6638113516126927,1.3445912787068104
pv_R4C4_07_21_2023,R4C4,Pepper_Variety_Trial,Sampling_07_21_2023,pepper,0.8469000160694122,2.4383000135421753,0.6855000257492065,0.26386400000000004,0.10977300000000002,0.023416750000000004,0.0017834880000000002,0.000233216,0.9881311347732455,1.9173397347459273
pv_R4C4_08_12_2023,R4C4,Pepper_Variety_Trial,Sampling_08_12_2023,pepper,0.8995000123977661,2.4383000135421753,0.7340000241529197,0.27576800000000007,0.11330300000000001,0.024028625000000005,0.00182332,0.000238902,1.189660602866228,2.096165295145224
pv_R4C4_08_26_2023,R4C4,Pepper_Variety_Trial,Sampling_08_26_2023,pepper,0.8876999914646149,2.4383000135421753,0.8300000232411548,0.25874400000000003,0.10729300000000001,0.023138750000000003,0.001764792,0.00023249400000000003,1.2430750583901158,1.9742637615744127
pv_R4C4_09_08_2023,R4C4,Pepper_Variety_Trial,Sampling_09_08_2023,pepper,0.9141000211238861,2.4383000135421753,0.8816999793052673,0.28122400000000003,0.10305000000000002,0.017633125000000003,0.001277448,0.000166636,1.4100776700445674,2.137064251808923
pv_R4C4_09_21_2023,R4C4,Pepper_Variety_Trial,Sampling_09_21_2023,pepper,0.9142999947071075,2.4383000135421753,0.9404000043869019,0.29924000000000006,0.12395200000000002,0.026779500000000005,0.00203652,0.00026897600000000003,1.4105192724959053,2.1196588286053433
pv_R4C4_10_05_2023,R4C4,Pepper_Variety_Trial,Sampling_10_05_2023,pepper,0.9143000245094299,2.4383000135421753,1.122499942779541,0.29799200000000003,0.12359700000000003,0.026519250000000005,0.002031864,0.000265548,1.491400541679396,2.032224593050949
pv_R4C4_10_20_2023,R4C4,Pepper_Variety_Trial,Sampling_10_20_2023,pepper,0.9142999947071075,2.4383000135421753,0.8229999708200921,0.26326400000000005,0.10531500000000002,0.022407000000000003,0.001711712,0.000224052,1.4304921653025713,2.1374819621818615
pv_R4C41_06_22_2023,R4C41,Pepper_Variety_Trial,Sampling_06_22_2023,pepper,0.4440000057220459,0.40230000019073486,0.5300000015413389,0.019808000000000003,0.009793000000000001,0.004597750000000001,0.001277072,0.000258122,0.0542018855452574,0.13427485597032549
pv_R4C42_06_22_2023,R4C42,Pepper_Variety_Trial,Sampling_06_22_2023,pepper,0.41359999775886536,0.42739999294281006,0.5194000171686639,0.016952000000000002,0.008229000000000002,0.0038696250000000007,0.001101008,0.00023120600000000002,0.05037367689601347,0.13492014815557885
pv_R4C43_06_22_2023,R4C43,Pepper_Variety_Trial,Sampling_06_22_2023,pepper,0.4036000072956085,0.45319999009370804,0.3749000132083893,0.015728000000000002,0.007510000000000001,0.0035303750000000005,0.0010842080000000001,0.00025807200000000003,0.03854795948713562,0.13055212101571553
pv_R4C44_06_22_2023,R4C44,Pepper_Variety_Trial,Sampling_06_22_2023,pepper,0.3958999961614609,0.4018000066280365,0.5650000020395964,0.018296000000000003,0.008571000000000002,0.003957375000000001,0.0011808880000000002,0.00026048200000000003,0.05179430869174727,0.11956389531555402
pv_R4C45_06_22_2023,R4C45,Pepper_Variety_Trial,Sampling_06_22_2023,pepper,0.413100004196167,0.43240000307559967,0.5731000107480213,0.019784000000000003,0.008835,0.004095625,0.001267696,0.000307391,0.05654382275242452,0.13103867090537413
pv_R4C7_06_22_2023,R4C7,Pepper_Variety_Trial,Sampling_06_22_2023,pepper,0.5006999969482422,2.23389995098114,0.6000000238418579,0.09712800000000002,0.03935400000000001,0.014514750000000002,0.002213352,0.000319552,0.48747152009231953,1.0255288637718651
pv_R4C7_07_04_2023,R4C7,Pepper_Variety_Trial,Sampling_07_04_2023,pepper,0.6301000118255615,2.4143999814987183,0.7299999760653009,0.25088000000000005,0.10749700000000002,0.023264625000000004,0.0017655840000000002,0.000233235,0.7605825267779199,1.3832039678910648
pv_R4C7_07_21_2023,R4C7,Pepper_Variety_Trial,Sampling_07_21_2023,pepper,0.9135000109672546,2.4383000135421753,0.8430999801494181,0.28546400000000005,0.10699000000000002,0.01719775,0.001245784,0.00016219700000000002,1.2844127021708827,2.0457701941315003
pv_R4C7_08_12_2023,R4C7,Pepper_Variety_Trial,Sampling_08_12_2023,pepper,0.9142999947071075,2.4383000135421753,0.958800007996615,0.28770400000000007,0.10894400000000001,0.017433125000000004,0.001274736,0.000165739,1.383436129601214,2.012117192720835
pv_R4C7_08_26_2023,R4C7,Pepper_Variety_Trial,Sampling_08_26_2023,pepper,0.8716999888420105,2.406100034713745,1.0500000020838343,0.33536000000000005,0.13531300000000002,0.028861875000000006,0.0021990720000000003,0.000290354,1.5527286759380396,1.933301541264549
pv_R4C7_09_08_2023,R4C7,Pepper_Variety_Trial,Sampling_09_08_2023,pepper,0.8042000234127045,2.1862999200820923,1.1624000072479248,0.30020800000000003,0.12253900000000002,0.026233125000000003,0.0019994880000000002,0.000264794,1.389135552516554,1.6891333293771404
pv_R4C7_09_21_2023,R4C7,Pepper_Variety_Trial,Sampling_09_21_2023,pepper,0.9133000075817108,2.2496999502182007,1.229000022110995,0.3127440000000001,0.12871000000000002,0.027694125000000003,0.002120304,0.000279183,1.672869161962643,1.9293544073994633
pv_R4C7_10_05_2023,R4C7,Pepper_Variety_Trial,Sampling_10_05_2023,pepper,0.8674000203609467,2.163800060749054,1.0044999454548815,0.28923200000000004,0.11913800000000002,0.025535375000000006,0.001945688,0.000255813,1.353626996902444,1.7320511935056042
pv_R4C7_10_20_2023,R4C7,Pepper_Variety_Trial,Sampling_10_20_2023,pepper,0.9142000079154968,2.2654999494552612,0.9175000092363916,0.26708000000000004,0.10696700000000002,0.022676000000000005,0.001735088,0.00022700200000000002,1.339376082384181,1.8936666708520478
pv_R4C71_06_22_2023,R4C71,Pepper_Variety_Trial,Sampling_06_22_2023,pepper,0.4439999908208847,0.4350999891757965,0.5406000190414488,0.021288000000000005,0.010317000000000002,0.004830000000000001,0.0012718080000000001,0.00023962700000000001,0.057849786802582924,0.13369676511713252
pv_R4C72_06_22_2023,R4C72,Pepper_Variety_Trial,Sampling_06_22_2023,pepper,0.4725000113248825,0.4285999909043312,0.5363000109791756,0.023720000000000005,0.011426000000000002,0.005401625000000001,0.0015105680000000001,0.000310052,0.06307605905454869,0.15001810075471717
pv_R4C73_06_22_2023,R4C73,Pepper_Variety_Trial,Sampling_06_22_2023,pepper,0.45499999821186066,0.4805000126361847,0.6274999846937135,0.029744000000000007,0.014066000000000002,0.006412750000000001,0.0016579680000000001,0.00031745300000000004,0.07706381776010983,0.16077477162994402
pv_R4C74_06_22_2023,R4C74,Pepper_Variety_Trial,Sampling_06_22_2023,pepper,0.447299987077713,0.4814999997615814,0.6193999752867967,0.028304000000000006,0.013096000000000002,0.005845625000000001,0.0014623680000000001,0.000275262,0.08192743555794912,0.1709001345665579
pv_R4C75_06_22_2023,R4C75,Pepper_Variety_Trial,Sampling_06_22_2023,pepper,0.48990000784397125,0.4390999972820282,0.5437999872956425,0.025600000000000005,0.012609000000000002,0.005845375000000001,0.001519808,0.00029438500000000004,0.06909333768832705,0.15977153936625563
pw_12B4_07_06_2023,12B4,Personal-Sized_Watermelons,Sampling_07_06_2023,watermelon,6.094599962234497,4.274899959564209,0.6168999905348755,0.8085920000000001,0.18630800000000003,0.027692875000000006,0.001889552,0.00024642500000000004,9.585333245341387,22.371601011295162
pw_12B4_07_24_2023,12B4,Personal-Sized_Watermelons,Sampling_07_24_2023,watermelon,5.332499980926514,5.78849983215332,0.6516000265837647,0.8820960000000001,0.20530300000000004,0.029758125000000003,0.002058128,0.000264588,12.620583734084407,29.474513032364527
pw_12B4_08_11_2023,12B4,Personal-Sized_Watermelons,Sampling_08_11_2023,watermelon,5.474599838256836,5.861299991607666,0.7612999843622674,1.1396880000000003,0.26140500000000005,0.037534500000000005,0.002622952,0.00033657,17.959286945264044,30.371396665821035
pw_12B41_06_25_2023,12B41,Personal-Sized_Watermelons,Sampling_06_25_2023,watermelon,2.0813000202178955,3.1145999431610107,0.5080999965430237,0.27934400000000004,0.10136300000000002,0.017221500000000004,0.00127,0.000166188,1.580567475165477,4.897719410396449
pw_12B42_06_25_2023,12B42,Personal-Sized_Watermelons,Sampling_06_25_2023,watermelon,1.9378999471664429,3.3999000787734985,0.5073999762535095,0.329568,0.12749200000000002,0.020523375000000003,0.0015092480000000001,0.00019750100000000002,2.0754284034002777,6.246441212796366
pw_12B43_06_25_2023,12B43,Personal-Sized_Watermelons,Sampling_06_25_2023,watermelon,2.08189994096756,3.399899959564209,0.5093000267079333,0.35208800000000007,0.128394,0.022267250000000002,0.0016015760000000002,0.00020690700000000002,2.075345684900333,6.635175385298171
pw_24C4_07_06_2023,24C4,Personal-Sized_Watermelons,Sampling_07_06_2023,watermelon,6.094600200653076,5.812399864196777,0.6037999987602234,0.8218880000000002,0.19064100000000003,0.028108875000000005,0.001926816,0.00024959,10.380542131106187,27.159649444795036
pw_24C4_07_24_2023,24C4,Personal-Sized_Watermelons,Sampling_07_24_2023,watermelon,5.920399904251099,6.49780011177063,0.6655999919748865,0.9183680000000002,0.21104300000000004,0.030707375000000005,0.00211776,0.00027330000000000003,14.098340271621653,32.553880449338024
pw_24C4_08_11_2023,24C4,Personal-Sized_Watermelons,Sampling_08_11_2023,watermelon,6.02429986000061,5.444400072097778,0.7134000062942505,0.9702400000000002,0.22021000000000004,0.032220500000000006,0.002236512,0.000286268,17.959569313564558,30.191217177294135
pw_24C41_06_25_2023,24C41,Personal-Sized_Watermelons,Sampling_06_25_2023,watermelon,2.0998000502586365,3.399399995803833,0.49300000071525574,0.33114400000000005,0.11188700000000001,0.019385500000000003,0.0014378160000000002,0.00018568500000000002,2.180693999142675,6.929560037024615
pw_24C42_06_25_2023,24C42,Personal-Sized_Watermelons,Sampling_06_25_2023,watermelon,1.9926999807357788,3.201799988746643,0.5374999710184056,0.27942400000000006,0.09784300000000001,0.017053000000000002,0.0012181280000000002,0.00015850600000000002,1.8691316983475703,6.061486332548264
pw_24C43_06_25_2023,24C43,Personal-Sized_Watermelons,Sampling_06_25_2023,watermelon,2.088099956512451,3.006500005722046,0.5000000165964593,0.28916800000000004,0.10976600000000002,0.017845250000000003,0.001306192,0.00016983200000000002,1.757802196630815,5.402522917861362
pw_35A4_07_06_2023,35A4,Personal-Sized_Watermelons,Sampling_07_06_2023,watermelon,6.093600034713745,6.566200017929077,0.6420999765396118,0.9285520000000002,0.21393200000000004,0.032168,0.002206888,0.000283352,11.565975909818183,27.476272232132814
pw_35A4_07_24_2023,35A4,Personal-Sized_Watermelons,Sampling_07_24_2023,watermelon,5.458399772644043,6.704900026321411,0.6664999723434448,1.0451120000000003,0.24231600000000003,0.03612225000000001,0.00246284,0.00031577600000000003,13.808221682439708,32.07532252221421
pw_35A4_08_11_2023,35A4,Personal-Sized_Watermelons,Sampling_08_11_2023,watermelon,5.416100025177002,5.272799968719482,0.5605999797116965,0.8807440000000002,0.20151400000000003,0.029354750000000006,0.002028952,0.000257949,12.696560349431739,28.156634631708506
pw_35A41_06_25_2023,35A41,Personal-Sized_Watermelons,Sampling_06_25_2023,watermelon,1.9214999675750732,3.3093000650405884,0.546199993994378,0.29588000000000003,0.10326200000000002,0.01798875,0.0013080160000000002,0.00017030500000000002,1.941404319231788,5.886851804319573
pw_35A42_06_25_2023,35A42,Personal-Sized_Watermelons,Sampling_06_25_2023,watermelon,2.0997999906539917,3.072800040245056,0.5855999920895556,0.34670400000000007,0.11886700000000001,0.020568875000000004,0.0015170320000000002,0.000198886,2.013224172387568,5.861096064663427
pw_35A43_06_25_2023,35A43,Personal-Sized_Watermelons,Sampling_06_25_2023,watermelon,2.0501999855041504,3.1755999326705933,0.5594000220298767,0.34513600000000005,0.11766400000000002,0.020151250000000002,0.00148956,0.000194037,1.7998709741744134,5.390072634611971
sw_22A29_06_25_2023,22A29,Seedless_Watermelon_Variety_Trial,Sampling_06_25_2023,watermelon,0.9271000027656555,3.0479000210762024,0.44600000279024243,0.16240800000000002,0.06700600000000001,0.014501000000000002,0.001107832,0.000146813,0.6799967199430375,2.498940999760697
sw_28A1_06_25_2023,28A1,Seedless_Watermelon_Variety_Trial,Sampling_06_25_2023,watermelon,0.7883999943733215,3.047899901866913,0.3360000066459179,0.137224,0.05774200000000001,0.012528000000000003,0.0009591920000000001,0.00012719600000000002,0.5110832616852264,2.087067236680978
sw_49B29_06_25_2023,49B29,Seedless_Watermelon_Variety_Trial,Sampling_06_25_2023,watermelon,0.9312999844551086,3.047900080680847,0.4580999892205,0.128288,0.04654300000000001,0.014709125000000002,0.0017455200000000002,0.00023602800000000002,0.8105467800437196,2.6552994979545947
sw_50B1_06_25_2023,50B1,Seedless_Watermelon_Variety_Trial,Sampling_06_25_2023,watermelon,0.9935000240802765,3.0478999614715576,0.349400008097291,0.11176800000000002,0.04283000000000001,0.014445500000000002,0.0018674560000000002,0.00025737700000000004,0.6869014589055288,2.7445507410495833
sw_72C29_06_25_2023,72C29,Seedless_Watermelon_Variety_Trial,Sampling_06_25_2023,watermelon,0.7852999866008759,3.0477999448776245,0.44429999589920044,0.09153600000000002,0.03406200000000001,0.011281375000000001,0.0014466720000000002,0.000199428,0.5025710007230102,2.2241737628697305
sw_82C1_06_25_2023,82C1,Seedless_Watermelon_Variety_Trial,Sampling_06_25_2023,watermelon,0.7897000014781952,3.0172998905181885,0.39879998937249184,0.054624000000000006,0.017203000000000003,0.004958250000000001,0.0005606960000000001,7.539000000000001e-05,0.5747461678662932,2.228141008829475
sw_22A29_07_06_2023,22A29,Seedless_Watermelon_Variety_Trial,Sampling_07_06_2023,watermelon,1.1013000011444092,3.047900080680847,0.5150000090361573,0.273608,0.09983700000000002,0.017286500000000003,0.001289608,0.00016521500000000002,1.2097881659154708,3.2893799271782247
sw_28A1_07_06_2023,28A1,Seedless_Watermelon_Variety_Trial,Sampling_07_06_2023,watermelon,1.2215999960899353,3.0478999614715576,0.5799999982118607,0.160232,0.05834100000000001,0.01857875,0.002189344,0.000294156,1.4175143403557284,3.5274184536262174
sw_49B29_07_06_2023,49B29,Seedless_Watermelon_Variety_Trial,Sampling_07_06_2023,watermelon,1.09170001745224,3.0478999614715576,0.4815000133239664,0.282384,0.11858700000000003,0.025649625000000006,0.001968824,0.00025775500000000003,1.107301458738624,3.11560301385908
sw_50B1_07_06_2023,50B1,Seedless_Watermelon_Variety_Trial,Sampling_07_06_2023,watermelon,1.2621999979019165,3.0478998944163322,0.5150000201538205,0.22844000000000003,0.08075600000000001,0.013933375000000003,0.001036688,0.000136379,1.0485573360884501,3.3914313023166196
sw_72C29_07_06_2023,72C29,Seedless_Watermelon_Variety_Trial,Sampling_07_06_2023,watermelon,1.2389000058174133,3.0478999614715576,0.5130000250064768,0.23369600000000004,0.09733300000000002,0.020993500000000005,0.0016119840000000001,0.0002119,0.9361742558124045,3.188147357721744
sw_82C1_07_06_2023,82C1,Seedless_Watermelon_Variety_Trial,Sampling_07_06_2023,watermelon,1.215000033378601,3.0478999614715576,0.5130000280405511,0.20862400000000003,0.08735200000000001,0.019004125000000004,0.001444224,0.000191031,0.9488014775881799,3.2388788106714066
sw_22A29_07_24_2023,22A29,Seedless_Watermelon_Variety_Trial,Sampling_07_24_2023,watermelon,1.7461999654769897,3.0478999614715576,0.5755999752145726,0.26036800000000004,0.10689300000000002,0.038992000000000006,0.005203304000000001,0.000712946,1.985212436155193,4.975421675980451
sw_28A1_07_24_2023,28A1,Seedless_Watermelon_Variety_Trial,Sampling_07_24_2023,watermelon,1.7662000060081482,3.0478999614715576,0.521300007996615,0.17393600000000004,0.06386300000000002,0.020318875000000004,0.0024178000000000003,0.000327168,1.7236742752804628,4.899902218366995
sw_49B29_07_24_2023,49B29,Seedless_Watermelon_Variety_Trial,Sampling_07_24_2023,watermelon,1.647700011730194,3.0478999614715576,0.540000005508773,0.16322400000000004,0.06176200000000001,0.020913000000000005,0.00281056,0.000390703,1.5893179230023111,4.790343255333236
sw_50B1_07_24_2023,50B1,Seedless_Watermelon_Variety_Trial,Sampling_07_24_2023,watermelon,1.8287000060081482,3.0478999614715576,0.6081000007688999,0.27342400000000006,0.10688300000000002,0.03548612500000001,0.004191448,0.000563247,2.1424504819735195,5.3210888998734625
sw_72C29_07_24_2023,72C29,Seedless_Watermelon_Variety_Trial,Sampling_07_24_2023,watermelon,1.7413000464439392,3.0478999614715576,0.5231000082567334,0.17060800000000004,0.06562300000000001,0.022760000000000002,0.0031225600000000004,0.00043806300000000004,1.3355322246443506,4.387274136547275
sw_82C1_07_24_2023,82C1,Seedless_Watermelon_Variety_Trial,Sampling_07_24_2023,watermelon,1.820800006389618,3.0478999614715576,0.54750000446802,0.28822400000000004,0.12108800000000002,0.04252387500000001,0.005150032000000001,0.000692798,1.8126082926107498,5.213795331045433
sw_22A29_08_11_2023,22A29,Seedless_Watermelon_Variety_Trial,Sampling_08_11_2023,watermelon,1.3015999794006348,3.0478999614715576,0.4049000144004822,0.26788800000000007,0.11014400000000002,0.023617375000000003,0.0018126320000000002,0.00023751700000000002,1.4824351526437851,3.8881003851715286
sw_28A1_08_11_2023,28A1,Seedless_Watermelon_Variety_Trial,Sampling_08_11_2023,watermelon,1.0356999635696411,3.047900080680847,0.3489999906742014,0.23848000000000005,0.09854000000000002,0.021199125000000003,0.0016085440000000002,0.00021235,0.9746507906576752,3.1506288176457304
sw_49B29_08_11_2023,49B29,Seedless_Watermelon_Variety_Trial,Sampling_08_11_2023,watermelon,1.0391000509262085,3.0478999614715576,0.4077000021934509,0.21860800000000002,0.09210800000000001,0.022963375000000005,0.001800184,0.000239652,1.1783218318540047,3.094812420189736
sw_50B1_08_11_2023,50B1,Seedless_Watermelon_Variety_Trial,Sampling_08_11_2023,watermelon,1.069100022315979,3.0478999614715576,0.32339999079704285,0.22750400000000004,0.09326600000000002,0.0200325,0.0015209120000000001,0.00020057900000000002,0.9790289348535545,3.2342262776959134
sw_72C29_08_11_2023,72C29,Seedless_Watermelon_Variety_Trial,Sampling_08_11_2023,watermelon,1.4839999675750732,3.0478999614715576,0.4293999969959259,0.28894400000000003,0.11828800000000002,0.025418125000000003,0.0019437920000000002,0.00025436400000000003,1.7158728821091684,4.514234355836798
sw_82C1_08_11_2023,82C1,Seedless_Watermelon_Variety_Trial,Sampling_08_11_2023,watermelon,1.1327999830245972,3.047900080680847,0.3375000093510607,0.18988000000000002,0.07596500000000002,0.016115000000000004,0.001219784,0.000161306,0.8983349020150511,3.425196859110772
tf_1017_07_07_2023,1017,Tomato_Fertilizer_Trial,Sampling_07_07_2023,tomato,0.5520000159740448,1.6126999855041504,0.7261999845504761,0.08761600000000001,0.03853800000000001,0.015045750000000002,0.002503584,0.000372549,0.40237348717359006,0.8145457093317807
tf_1017_07_23_2023,1017,Tomato_Fertilizer_Trial,Sampling_07_23_2023,tomato,0.6850000023841858,1.607699990272522,0.7242000102996826,0.128536,0.05476400000000001,0.020815625000000004,0.0033380000000000003,0.0004978140000000001,0.5534884080441687,1.0993875364778056
tf_1017_08_10_2023,1017,Tomato_Fertilizer_Trial,Sampling_08_10_2023,tomato,0.5584999918937683,1.4557999968528748,0.6656000018119812,0.125208,0.05887900000000001,0.020951125000000004,0.001927352,0.00026546,0.3635088006852436,0.8125849123422032
tf_1017_08_24_2023,1017,Tomato_Fertilizer_Trial,Sampling_08_24_2023,tomato,0.9143000245094299,1.4598000049591064,0.6503000259399414,0.15166400000000002,0.06770000000000001,0.022805375000000003,0.002121248,0.000290524,0.570862508924909,1.331431711584902
tf_1026_06_25_2023,1026,Tomato_Fertilizer_Trial,Sampling_06_25_2023,tomato,0.7651000022888184,1.8285000324249268,0.6762000063899904,0.08596000000000001,0.030352000000000004,0.010373250000000002,0.0016738640000000002,0.00025262900000000004,0.6678670206103751,1.344435846746891
tf_1026_07_07_2023,1026,Tomato_Fertilizer_Trial,Sampling_07_07_2023,tomato,0.8750999867916107,1.7972999811172485,0.7414999770189752,0.19424000000000002,0.08643400000000001,0.021913375000000002,0.001731296,0.000229506,0.6637138875852201,1.3519186956762421
tf_1026_07_23_2023,1026,Tomato_Fertilizer_Trial,Sampling_07_23_2023,tomato,0.781499981880188,1.692799985408783,0.7481999729207018,0.13388000000000003,0.05530300000000001,0.020935375000000003,0.00346144,0.00052109,0.6407823787659443,1.270565200387451
tf_1026_08_10_2023,1026,Tomato_Fertilizer_Trial,Sampling_08_10_2023,tomato,0.8465999960899353,1.7080000042915344,0.698600010779046,0.15913600000000003,0.07075600000000001,0.021221625000000004,0.001755456,0.00023513600000000002,0.5523119216183112,1.3903453580927694
tf_1026_08_24_2023,1026,Tomato_Fertilizer_Trial,Sampling_08_24_2023,tomato,0.824400007724762,1.652400016784668,0.7803000211715698,0.17788800000000002,0.07905600000000002,0.023456875000000005,0.0019451680000000002,0.00026318200000000004,0.6996849811228474,1.3275769260552333
tf_1033_06_25_2023,1033,Tomato_Fertilizer_Trial,Sampling_06_25_2023,tomato,0.7906999886035919,1.559000015258789,0.6033999919891357,0.10281600000000002,0.04352000000000001,0.012472000000000002,0.0010314880000000001,0.00013675200000000002,0.44474195873896605,1.0837577885574488
tf_1033_07_07_2023,1033,Tomato_Fertilizer_Trial,Sampling_07_07_2023,tomato,0.6245999932289124,1.6539999842643738,0.705699996855401,0.13092800000000002,0.06362700000000002,0.022785125000000003,0.002123456,0.000293257,0.4233080313360869,0.9299045689390851
tf_1033_07_23_2023,1033,Tomato_Fertilizer_Trial,Sampling_07_23_2023,tomato,0.5867999792098999,1.6389999985694885,0.6850000023841858,0.13362400000000002,0.06039800000000001,0.018125000000000002,0.001511432,0.00020063100000000002,0.39374047172718707,0.8520235839321956
tf_1033_08_10_2023,1033,Tomato_Fertilizer_Trial,Sampling_08_10_2023,tomato,0.6642000079154968,1.5947999954223633,0.6557999849319458,0.10987200000000003,0.04807700000000001,0.014243750000000003,0.001172728,0.000159121,0.3814951554215627,0.9540981085880254
tf_1033_08_24_2023,1033,Tomato_Fertilizer_Trial,Sampling_08_24_2023,tomato,0.695900022983551,1.6087999939918518,0.7241000103022088,0.12065600000000001,0.051322000000000007,0.017935375000000003,0.0015931760000000002,0.00021676400000000001,0.4699368422178193,1.1046042756694647
tf_1042_06_25_2023,1042,Tomato_Fertilizer_Trial,Sampling_06_25_2023,tomato,0.7806000113487244,1.6775000095367432,0.6749999855092028,0.12267200000000002,0.053681000000000006,0.017345250000000003,0.0016113280000000002,0.00021968400000000002,0.5679952994844211,1.193605298079886
tf_1042_07_07_2023,1042,Tomato_Fertilizer_Trial,Sampling_07_07_2023,tomato,0.6728000044822693,1.7929999828338623,0.781900005247735,0.14648000000000003,0.06602700000000002,0.019851625000000005,0.001640312,0.000219454,0.5733119668643353,1.1028062618794594
tf_1042_07_23_2023,1042,Tomato_Fertilizer_Trial,Sampling_07_23_2023,tomato,0.6299999952316284,1.7236999869346619,0.7537999915148248,0.15098400000000003,0.064838,0.016267250000000004,0.001279048,0.000170242,0.5087974191482865,0.9914243331806938
tf_1042_08_10_2023,1042,Tomato_Fertilizer_Trial,Sampling_08_10_2023,tomato,0.6972000002861023,1.7533000111579895,0.6986000175238587,0.12056800000000002,0.05180100000000001,0.015263000000000002,0.0012625120000000001,0.000171144,0.5185874133884251,1.1710493672954632
tf_1042_08_24_2023,1042,Tomato_Fertilizer_Trial,Sampling_08_24_2023,tomato,0.6809999942779541,1.6664999723434448,0.7178000211715698,0.12619200000000003,0.05659600000000001,0.020690500000000004,0.0018342,0.00024684800000000003,0.5231808445011563,1.1001114797728353
tf_1051_06_25_2023,1051,Tomato_Fertilizer_Trial,Sampling_06_25_2023,tomato,0.7944000065326691,1.7562000155448914,0.6344000101089478,0.13326400000000002,0.05674300000000001,0.01647975,0.001354504,0.000182375,0.5658124231297884,1.1700237054298448
tf_1051_07_07_2023,1051,Tomato_Fertilizer_Trial,Sampling_07_07_2023,tomato,0.7771000266075134,1.6741999983787537,0.6944999860788812,0.16257600000000003,0.074828,0.022708750000000003,0.0018798240000000002,0.00025228,0.5426128889319675,1.1780387670396162
tf_1051_07_23_2023,1051,Tomato_Fertilizer_Trial,Sampling_07_23_2023,tomato,0.7153000235557556,1.7095000743865967,0.7336000204086304,0.17087200000000002,0.07433300000000001,0.018585250000000005,0.0014583920000000002,0.00019505800000000002,0.5999714953234112,1.1660730473523144
tf_1051_08_10_2023,1051,Tomato_Fertilizer_Trial,Sampling_08_10_2023,tomato,0.6255000233650208,1.625,0.7049999999071588,0.12607200000000002,0.05591600000000001,0.016636375000000002,0.0013927920000000001,0.00018468500000000002,0.4627343824025845,0.9753172029059975
tf_1051_08_24_2023,1051,Tomato_Fertilizer_Trial,Sampling_08_24_2023,tomato,0.7842999994754791,1.676099956035614,0.7074999809265137,0.14760800000000002,0.05997600000000001,0.017100000000000004,0.00140328,0.00019051500000000001,0.6020837461641485,1.2911983756767156
tf_1064_06_25_2023,1064,Tomato_Fertilizer_Trial,Sampling_06_25_2023,tomato,0.5694000124931335,1.5380000472068787,0.6412000164855272,0.07448800000000001,0.033898000000000005,0.011834375000000001,0.001097192,0.00014825800000000002,0.37937054134670123,0.7668419271732102
tf_1064_07_07_2023,1064,Tomato_Fertilizer_Trial,Sampling_07_07_2023,tomato,0.5643999874591827,1.527999997138977,0.6667000288725831,0.11413600000000002,0.05357800000000001,0.016405875000000004,0.0013847360000000001,0.000184739,0.3991604935734609,0.8305983201230467
tf_1064_07_23_2023,1064,Tomato_Fertilizer_Trial,Sampling_07_23_2023,tomato,0.6481000185012817,1.5634999871253967,0.8740000128746033,0.13798400000000002,0.06053600000000001,0.015122625000000002,0.0011972320000000001,0.00015837200000000002,0.5377840060296942,0.9870687594219013
tf_1064_08_10_2023,1064,Tomato_Fertilizer_Trial,Sampling_08_10_2023,tomato,0.5963000059127808,1.527500033378601,0.7849000262285699,0.11649600000000002,0.05082500000000001,0.015129625000000002,0.0012484,0.000169251,0.48519065587688365,0.8933958199740528
tf_1064_08_24_2023,1064,Tomato_Fertilizer_Trial,Sampling_08_24_2023,tomato,0.6700999736785889,1.5293999910354614,0.7906000184084405,0.139888,0.06096200000000001,0.021799125000000003,0.001929272,0.000261089,0.5382562592544875,1.0185380580008825
tf_1075_06_25_2023,1075,Tomato_Fertilizer_Trial,Sampling_06_25_2023,tomato,0.681799978017807,1.5694000124931335,0.6498999933246523,0.09257600000000002,0.03977300000000001,0.011643750000000001,0.000951992,0.000128989,0.3777579458436768,0.8310705364945662
tf_1075_07_07_2023,1075,Tomato_Fertilizer_Trial,Sampling_07_07_2023,tomato,0.6121000051498413,1.5400999784469604,0.6908000125549734,0.11545600000000002,0.05424600000000001,0.016580000000000004,0.0013733600000000001,0.000183641,0.44201402690287017,0.8694972401679055
tf_1075_07_23_2023,1075,Tomato_Fertilizer_Trial,Sampling_07_23_2023,tomato,0.8106000125408173,1.5964999794960022,0.6776000261306763,0.13428,0.06038000000000001,0.018022250000000004,0.00149316,0.00019817,0.6056894519705298,1.2603166259010188
tf_1075_08_10_2023,1075,Tomato_Fertilizer_Trial,Sampling_08_10_2023,tomato,0.5825999975204468,1.5752999782562256,0.6442000269889832,0.11691200000000002,0.05107400000000001,0.015152875000000003,0.0012495120000000001,0.00016943,0.42491438820486,0.9173509854638979
tf_1075_08_24_2023,1075,Tomato_Fertilizer_Trial,Sampling_08_24_2023,tomato,0.801800012588501,1.5547999739646912,0.7214000225067139,0.15054400000000004,0.06295800000000001,0.021209875000000003,0.0019099840000000002,0.00026050600000000003,0.6179478388391381,1.2296420839302666
tf_2016_06_25_2023,2016,Tomato_Fertilizer_Trial,Sampling_06_25_2023,tomato,0.7872999906539917,1.4869999885559082,0.744399968534708,0.139,0.06347100000000001,0.019042000000000003,0.0015741280000000002,0.000210737,0.5547582081561914,0.9791424790633062
tf_2016_07_07_2023,2016,Tomato_Fertilizer_Trial,Sampling_07_07_2023,tomato,0.7646999955177307,1.631600022315979,0.7827000059187412,0.18022400000000002,0.08005500000000002,0.020265125000000002,0.0016035040000000002,0.000211461,0.5958832409325213,1.1138596531938574
tf_2016_07_23_2023,2016,Tomato_Fertilizer_Trial,Sampling_07_23_2023,tomato,0.8052000105381012,1.6245999932289124,0.9209000058472157,0.18646400000000002,0.08163000000000001,0.020369375000000002,0.0016022480000000001,0.00021142300000000003,0.7826995353114391,1.2859572883700559
tf_2016_08_10_2023,2016,Tomato_Fertilizer_Trial,Sampling_08_10_2023,tomato,0.6474999785423279,1.7742999792099,0.9165000055363635,0.18316800000000003,0.07994800000000002,0.020089125000000003,0.001585456,0.00021065300000000002,0.7055227171690969,1.1431098094227106
tf_2016_08_24_2023,2016,Tomato_Fertilizer_Trial,Sampling_08_24_2023,tomato,0.902999997138977,1.550599992275238,0.9157999753952026,0.19933600000000004,0.08801400000000001,0.026020500000000005,0.0021742880000000003,0.00028915200000000004,0.7758842990229272,1.3497343212511566
tf_2027_07_07_2023,2027,Tomato_Fertilizer_Trial,Sampling_07_07_2023,tomato,0.5101999938488007,1.270900011062622,0.6833999722730368,0.07384000000000002,0.035723000000000005,0.013319375000000001,0.001222912,0.000167101,0.25064029121819853,0.5080609202231958
tf_2027_07_23_2023,2027,Tomato_Fertilizer_Trial,Sampling_07_23_2023,tomato,0.6151999831199646,1.503999948501587,0.7088000178337097,0.09584000000000002,0.043375000000000004,0.012937375000000003,0.001071728,0.000143976,0.3921285408397506,0.9178091337612763
tf_2027_08_10_2023,2027,Tomato_Fertilizer_Trial,Sampling_08_10_2023,tomato,0.5546000003814697,1.4960999488830566,0.6851999759674072,0.09808000000000001,0.04289500000000001,0.012578875000000002,0.001053192,0.000139858,0.33958492552364633,0.7960802412034198
tf_2027_08_24_2023,2027,Tomato_Fertilizer_Trial,Sampling_08_24_2023,tomato,0.7642999887466431,1.4204000234603882,0.6730999946594238,0.13018400000000002,0.05555900000000001,0.019039000000000004,0.001736672,0.00023597300000000003,0.4645746073569489,1.0684765870896173
tf_2035_06_25_2023,2035,Tomato_Fertilizer_Trial,Sampling_06_25_2023,tomato,0.7616000175476074,1.6929999589920044,0.799299992620945,0.147992,0.06205600000000001,0.015143250000000002,0.0011946160000000001,0.000158641,0.617952386877403,1.0894455670296368
tf_2035_07_07_2023,2035,Tomato_Fertilizer_Trial,Sampling_07_07_2023,tomato,0.7021999955177307,1.7109000086784363,0.7826000187924365,0.18696000000000004,0.08485500000000001,0.021793000000000003,0.0017226720000000002,0.00022928100000000002,0.5636087011516117,0.9836677826305699
tf_2035_07_23_2023,2035,Tomato_Fertilizer_Trial,Sampling_07_23_2023,tomato,0.6425999999046326,1.6482999920845032,0.7783000012859702,0.17334400000000003,0.07674200000000002,0.019369000000000004,0.0015173200000000002,0.00020163800000000002,0.5695670655957379,0.9673453971444966
tf_2035_08_10_2023,2035,Tomato_Fertilizer_Trial,Sampling_08_10_2023,tomato,0.6507999897003174,1.6186000108718872,0.7795999713998754,0.15592000000000003,0.06553700000000001,0.016267750000000004,0.0012817680000000002,0.00016895400000000002,0.6314336879862256,1.0213581929606528
tf_2035_08_24_2023,2035,Tomato_Fertilizer_Trial,Sampling_08_24_2023,tomato,0.8506999909877777,1.6745999455451965,0.8122000098228455,0.19203200000000004,0.08273900000000001,0.023992250000000003,0.002002568,0.000268072,0.7330830757675412,1.392275176085938
tf_2043_06_25_2023,2043,Tomato_Fertilizer_Trial,Sampling_06_25_2023,tomato,0.8409000039100647,1.8284000158309937,0.738000025448855,0.15458400000000003,0.0666,0.016684125000000005,0.0013015440000000002,0.000174444,0.6814663761046281,1.4393964239498886
tf_2043_07_07_2023,2043,Tomato_Fertilizer_Trial,Sampling_07_07_2023,tomato,0.6974000036716461,1.7394999861717224,0.7495000027120113,0.17006400000000002,0.07564600000000002,0.019192500000000005,0.001511104,0.000200793,0.5728313518433542,1.0951540504193047
tf_2043_07_23_2023,2043,Tomato_Fertilizer_Trial,Sampling_07_23_2023,tomato,0.6324999928474426,1.7524999976158142,0.8033000230789185,0.17483200000000004,0.07758300000000001,0.019561875000000003,0.001544128,0.00020567800000000002,0.5786660913894477,1.0523858472337362
tf_2043_08_10_2023,2043,Tomato_Fertilizer_Trial,Sampling_08_10_2023,tomato,0.6245999932289124,1.6528000235557556,0.8132999871304492,0.15570400000000004,0.06543100000000002,0.016326875,0.001283352,0.000171571,0.5857140446680703,1.0193321760993566
tf_2043_08_24_2023,2043,Tomato_Fertilizer_Trial,Sampling_08_24_2023,tomato,0.9137999713420868,1.1342000365257263,0.76879997720971,0.10268800000000002,0.045424000000000006,0.013233125000000002,0.001126096,0.000148615,0.3808271271413419,0.9074947443107967
tf_2051_06_25_2023,2051,Tomato_Fertilizer_Trial,Sampling_06_25_2023,tomato,0.8738999962806702,1.6977999806404114,0.734999995213002,0.15921600000000002,0.06843800000000001,0.017039750000000003,0.0013438080000000002,0.000177751,0.619232331595716,1.244226737524839
tf_2051_07_07_2023,2051,Tomato_Fertilizer_Trial,Sampling_07_07_2023,tomato,0.6328000128269196,1.7408999800682068,0.798499976284802,0.18337600000000004,0.08105200000000001,0.020562250000000004,0.0016246000000000001,0.00021568500000000002,0.5734215885991119,0.9865424859277896
tf_2051_07_23_2023,2051,Tomato_Fertilizer_Trial,Sampling_07_23_2023,tomato,0.775600016117096,1.7093999981880188,0.7667999863624573,0.20804800000000004,0.09167500000000002,0.022869250000000004,0.0018020400000000002,0.000238618,0.7587780563149374,1.3227693981042257
tf_2051_08_10_2023,2051,Tomato_Fertilizer_Trial,Sampling_08_10_2023,tomato,0.582099974155426,1.5458999872207642,0.7286999821662903,0.15224000000000001,0.06727300000000001,0.020072000000000003,0.0016535520000000002,0.00022402,0.514204559085521,0.89913645877235
tf_2051_08_24_2023,2051,Tomato_Fertilizer_Trial,Sampling_08_24_2023,tomato,0.843999981880188,1.7554999589920044,0.7320000265171984,0.18541600000000003,0.08006900000000002,0.023238125000000005,0.0019137280000000002,0.0002572,0.7381776186381727,1.4796512784126568
tf_2062_06_25_2023,2062,Tomato_Fertilizer_Trial,Sampling_06_25_2023,tomato,0.8985999822616577,1.6023000478744507,0.6900000142122735,0.11715200000000002,0.04986900000000001,0.014202500000000002,0.0011700480000000001,0.000156147,0.5443323747627534,1.1835841007047605
tf_2062_07_07_2023,2062,Tomato_Fertilizer_Trial,Sampling_07_07_2023,tomato,0.636000007390976,1.7208999991416931,0.7166000076394994,0.16551200000000002,0.071928,0.017976375000000003,0.0014160400000000001,0.000186471,0.4813635587692715,0.9948689801249647
tf_2062_07_23_2023,2062,Tomato_Fertilizer_Trial,Sampling_07_23_2023,tomato,0.7572000026702881,1.7592999935150146,0.796800024138065,0.17732800000000004,0.08038900000000002,0.023922000000000002,0.001980608,0.00026585000000000004,0.632178903921111,1.2590498896077278
tf_2062_08_10_2023,2062,Tomato_Fertilizer_Trial,Sampling_08_10_2023,tomato,0.6626999974250793,1.7204999923706055,0.746399998664856,0.16436800000000001,0.07038000000000001,0.017611625000000002,0.001384936,0.00018422000000000002,0.5814543105423209,1.1392020711551738
tf_2062_08_24_2023,2062,Tomato_Fertilizer_Trial,Sampling_08_24_2023,tomato,0.7982000112533569,1.7656999826431274,0.7200000286102295,0.17276000000000002,0.07508600000000001,0.021817000000000003,0.0018027920000000001,0.00024095500000000003,0.6236359744357246,1.4019820195479102
tf_2074_06_25_2023,2074,Tomato_Fertilizer_Trial,Sampling_06_25_2023,tomato,0.8504000008106232,1.4930999875068665,0.6449999939650297,0.07140800000000001,0.027478000000000006,0.0072780000000000015,0.0005907200000000001,7.881500000000001e-05,0.4471467440503711,1.0039782320326713
tf_2074_07_07_2023,2074,Tomato_Fertilizer_Trial,Sampling_07_07_2023,tomato,0.5794000029563904,1.5655999779701233,0.7547000050544739,0.14620800000000003,0.06889900000000002,0.021073000000000005,0.001760704,0.000236084,0.4100455314319528,0.7957889789872722
tf_2074_07_23_2023,2074,Tomato_Fertilizer_Trial,Sampling_07_23_2023,tomato,0.7382000088691711,1.7511000037193298,0.7598999738693237,0.17224000000000003,0.07679700000000002,0.019369500000000005,0.00152384,0.00020162200000000002,0.5966173918299065,1.2046892261773074
tf_2074_08_10_2023,2074,Tomato_Fertilizer_Trial,Sampling_08_10_2023,tomato,0.7305999994277954,1.6702999472618103,0.7583000229860772,0.15790400000000002,0.069305,0.020557000000000002,0.00168932,0.000229015,0.5793876607972259,1.2167692111913255
tf_2074_08_24_2023,2074,Tomato_Fertilizer_Trial,Sampling_08_24_2023,tomato,0.7598000168800354,1.65420001745224,0.8343999981880188,0.17988800000000002,0.07931000000000002,0.023335875000000002,0.0019309120000000001,0.000258591,0.6461815399432591,1.2038975472604514
tf_10171_06_25_2023,10171,Tomato_Fertilizer_Trial,Sampling_06_25_2023,tomato,0.38109999895095825,0.5248000025749207,0.3493999872735003,0.013944000000000002,0.005717000000000001,0.002118125,0.00045404,8.458700000000001e-05,0.04604283488358334,0.1610091687385216
tf_10172_06_25_2023,10172,Tomato_Fertilizer_Trial,Sampling_06_25_2023,tomato,0.2973000109195709,0.41849999129772186,0.34939999066409655,0.010896000000000001,0.004843000000000001,0.0020457500000000003,0.0005255360000000001,0.000113912,0.030273494927265044,0.10190079557271664
tf_10173_06_25_2023,10173,Tomato_Fertilizer_Trial,Sampling_06_25_2023,tomato,0.3855000138282776,0.5498999953269958,0.34939999066409655,0.011376000000000002,0.005053000000000001,0.0021556250000000004,0.000600472,0.00013503,0.04851564318881981,0.17329799855075043
tf_20271_06_25_2023,20271,Tomato_Fertilizer_Trial,Sampling_06_25_2023,tomato,0.3426000028848648,0.45350000262260437,0.3443999905139208,0.010832000000000001,0.005266000000000001,0.0024762500000000006,0.000722056,0.00015654700000000002,0.034357637177951525,0.12677288902099124
tf_20272_06_25_2023,20272,Tomato_Fertilizer_Trial,Sampling_06_25_2023,tomato,0.41279999911785126,0.48650000989437103,0.34929999406449497,0.013704000000000003,0.005652000000000001,0.0021876250000000003,0.0005285520000000001,0.00011722200000000001,0.04538125553230342,0.17862150146866593
tf_20273_06_25_2023,20273,Tomato_Fertilizer_Trial,Sampling_06_25_2023,tomato,0.36990000307559967,0.344299990683794,0.34930001368775265,0.011728000000000002,0.005086000000000001,0.0019990000000000003,0.00047552000000000006,0.000100519,0.0280439735537763,0.10823126636680462
ta_Big_Beef_Day_Zero,Big_Beef,Transplant-Age_Plants,Sampling_Day_Zero,tomato,0.3593999743461609,0.37870000302791595,0.4075000211596489,0.007512000000000001,0.0034000000000000007,0.0015783750000000004,0.000515144,0.000126074,0.023700560551370518,0.10109467295800609
ta_German_Johnson_Day_Zero,German_Johnson,Transplant-Age_Plants,Sampling_Day_Zero,tomato,0.21490000188350677,0.2230999991297722,0.34059999510645866,0.0034400000000000008,0.0013950000000000002,0.0006298750000000001,0.00019937600000000002,5.4565000000000004e-05,0.006482740060285111,0.03323942507383303
ta_Mambo_Day_Zero,Mambo,Transplant-Age_Plants,Sampling_Day_Zero,watermelon,0.3499000370502472,0.3885999917984009,0.22499998658895493,0.0036880000000000007,0.0016450000000000002,0.0008237500000000002,0.000294176,8.2706e-05,0.00989527234095862,0.07711859810666535
ta_Red_Deuce_Day_Zero,Red_Deuce,Transplant-Age_Plants,Sampling_Day_Zero,tomato,0.2937000095844269,0.18299999833106995,0.25690001249313354,0.0038560000000000005,0.0018280000000000002,0.0008418750000000002,0.000257888,6.8846e-05,0.005427003728024621,0.03816414056135914
ta_Sugar_Baby_Day_Zero,Sugar_Baby,Transplant-Age_Plants,Sampling_Day_Zero,watermelon,0.414900004863739,0.20240000635385513,0.20620000502094626,0.0030080000000000007,0.0013810000000000003,0.0006145000000000001,0.000191568,4.6637e-05,0.006668814448440181,0.05761108442985541
wi_t2-1_06_30_2023,t2-1,Watermelon_Irrigation_Trial,Sampling_06_30_2023,watermelon,1.1128000020980835,4.871500134468079,0.3880000114440918,0.09393600000000002,0.04054800000000001,0.014658000000000003,0.0017929760000000002,0.00024170700000000002,0.8124689792203185,3.9948143439251247
wi_t2-2_06_30_2023,t2-2,Watermelon_Irrigation_Trial,Sampling_06_30_2023,watermelon,1.496500015258789,2.1481000185012817,0.33619999582879245,0.07582400000000002,0.038664000000000004,0.016553250000000002,0.002577544,0.000369984,0.32822736251398477,1.6221726327231922
wi_t2-3_06_30_2023,t2-3,Watermelon_Irrigation_Trial,Sampling_06_30_2023,watermelon,1.207399994134903,2.4290000200271606,0.37619999051094055,0.08247200000000002,0.039836,0.015611750000000002,0.002085944,0.000288885,0.39987922067793036,1.8772335024739246
wi_t5-1_06_30_2023,t5-1,Watermelon_Irrigation_Trial,Sampling_06_30_2023,watermelon,1.0605000257492065,2.4804999828338623,0.36879999190568924,0.07421600000000002,0.032477000000000006,0.012986375000000001,0.002333528,0.00036488600000000003,0.41648084744219543,1.891265650959784
wi_t5-2_06_30_2023,t5-2,Watermelon_Irrigation_Trial,Sampling_06_30_2023,watermelon,1.4869000315666199,2.0294999480247498,0.2955000102519989,0.05435200000000001,0.028211000000000003,0.012625000000000003,0.00207376,0.000296614,0.2325865296442646,1.3429000515388838
wi_t5-3_06_30_2023,t5-3,Watermelon_Irrigation_Trial,Sampling_06_30_2023,watermelon,1.0916000008583069,3.6715999841690063,0.38129999954253435,0.09191200000000002,0.04302600000000001,0.016753125000000004,0.002069912,0.000277128,0.5550170015905519,2.6477776867087885
wi_t8-1_06_30_2023,t8-1,Watermelon_Irrigation_Trial,Sampling_06_30_2023,watermelon,0.8773000240325928,3.5774999856948853,0.3437999878078699,0.09516000000000002,0.04186700000000001,0.016334375,0.00230516,0.000320267,0.509429900195251,2.2394453402924506
wi_t8-2_06_30_2023,t8-2,Watermelon_Irrigation_Trial,Sampling_06_30_2023,watermelon,1.0426999926567078,3.0849000215530396,0.3319000005722046,0.09167200000000002,0.04570400000000001,0.018320875000000004,0.002327432,0.00031398600000000004,0.38334111327574305,1.993676486388823
wi_t8-3_06_30_2023,t8-3,Watermelon_Irrigation_Trial,Sampling_06_30_2023,watermelon,1.0887999832630157,2.5143998861312866,0.3761999881826341,0.08765600000000001,0.04225600000000001,0.017699625000000004,0.0026518080000000003,0.000371819,0.3634391902647636,1.6952246271018816
