subset,parameter,volume_method,linear_a,linear_b,linear_r2,linear_rmse,linear_rrmse,exponential_a,exponential_b,exponential_c,exponential_r2,exponential_rmse,exponential_rrmse,power_a,power_b,power_c,power_r2,power_rmse,power_rrmse,log_a,log_b,log_c,log_r2,log_rmse,log_rrmse,poly2deg_a,poly2deg_b,poly2deg_c,poly2deg_r2,poly2deg_rmse,poly2deg_rrmse,best_r2,best_rmse,best_rrmse,best_equation
both_species,aboveground_veg_biomass,convh_vol,307.6472754309585,17.40362997262076,0.908175162356335,72.47001216116287,0.38547622508447615,2623627.8931760634,-0.00011943137961008255,-2623610.481148192,0.9081523921486964,72.47899695754438,0.38552401623683025,386.3501000675378,0.7350886832226128,-20.471995788215548,0.9313545231832678,62.659108657360406,0.3332909151261516,684.4578512811067,0.7746300889924115,-9.22940469073407,0.9341575158553419,61.36649989686416,0.3264153823278524,-65.1491972051412,449.9108102869343,-4.881873648753327,0.9186876305802596,68.1956318933937,0.3627403110000263,0.9341575158553419,61.36649989686416,0.3264153823278524,log
both_species,aboveground_veg_biomass,voxel_vol_02,1932.3844968485307,-8.1974426000342,0.9281075179914172,64.12390888295381,0.3410823538830397,12281.092450223687,-0.6878722134914647,-12283.643083223666,0.9215991133112309,66.9635912615123,0.3561869469565352,2078.4023219140854,1.067784243962223,-1.3834947051298505,0.9210993644093537,67.1766744493688,0.35732036063254263,1223456.6882562137,0.0034789417254384955,-8.222529605334364,0.9279262862146386,64.20468210767653,0.34151199583873265,633.4782517994745,1723.5456547524907,-2.7236222027039787,0.9218352480032667,66.8626717952445,0.35565014485406077,0.9281075179914172,64.12390888295381,0.3410823538830397,linear
both_species,aboveground_veg_biomass,voxel_vol_01,5971.9607059711025,-9.633884897074553,0.8910390523073726,78.94301074126982,0.4199068396687246,10904.742442174596,-3.0142772346581554,-10906.924930193534,0.8804318721671104,82.69627819152171,0.4398708954941614,-442927.40415833815,0.9146270022879941,449238.64090936986,0.9256695997400538,65.20208526057168,0.3468172964837823,1298791.298721383,0.011307673877044884,-9.659289298166945,0.8908175343349074,79.0232157006624,0.42033345895658886,8731.224952761291,5071.070611000442,-2.2300513532708215,0.8809324373082634,82.52299501747868,0.43894918261170435,0.9256695997400538,65.20208526057168,0.3468172964837823,power
both_species,aboveground_veg_biomass,voxel_vol_005,25504.817038219702,-13.947209525315165,0.7739697168336371,113.7002878522311,0.6047847439962825,1021136.0225437051,-0.8909428162048282,-1021149.4630417228,0.750971610861715,119.34457418965992,0.6348073440451056,23200.717244564392,0.9589416505243449,-19.475111393010227,0.738275943530027,122.34890054590424,0.6507876971344831,69901.53365662457,15.294044259580664,-22.166021328545387,0.7577600965179334,117.70667504694111,0.6260951724892314,-223148.63270605114,30695.880408111236,-24.662302163720756,0.7205101952018409,126.43323051576121,0.6725127121003781,0.7739697168336371,113.7002878522311,0.6047847439962825,linear
both_species,aboveground_veg_biomass,voxel_vol_002,215666.34998256888,-0.12221846203144586,0.2991101572427166,200.2180064161312,1.0649823148310513,2414514.0325047504,-9.160489239133138,-2414513.4049359164,-0.06347295454347979,246.6274851641303,1.3118396030033326,96392.05557035682,0.5784133323123494,-135.85322548264782,-0.005861350341969995,239.85419031286432,1.2758116784482247,52711.88349526262,1051.4666993965031,-76.03205243483916,0.31561420861683165,197.84666860127953,1.0523688996816751,-77949436.23238373,459920.3773760746,-93.58772100271331,-0.04604800702966627,244.59865117546633,1.3010480046035138,0.31561420861683165,197.84666860127953,1.0523688996816751,log
both_species,aboveground_veg_biomass,voxel_vol_001,1287249.51230204,1.9574474673189837,0.035519628897032196,234.86859311595228,1.249292720744954,2287211.4612104082,-73.22924159911577,-2287208.3841065983,-0.6665332022317343,308.7345510397491,1.6421941398780544,1355166.4003563148,0.4656728150080343,-258.9400713304331,-0.4459928813615768,287.58175326332554,1.5296800061878606,60513.716342619366,9635.082869507329,-120.51256621552373,0.06507725467758307,231.2416781594323,1.2300007481834951,-3067942659.1150055,2943533.1051041484,-123.09855216191973,-0.5292864470610852,295.74858094708827,1.5731202901421575,0.06507725467758307,231.2416781594323,1.2300007481834951,log
both_species,leaf_biomass,convh_vol,158.16471754331806,3.3476513370977146,0.952655190050274,26.34762562197059,0.2893144473190223,1176016.5186636087,-0.00013602892537108405,-1176013.1665413992,0.9526404704142084,26.35172107954321,0.28935941816615446,181.2217344510531,0.8373653068252725,-6.974252366972266,0.959377192124315,24.40564357652104,0.26799019327640394,570.5846863153491,0.3886896484671342,-4.798373264650781,0.9617706908302404,23.67573771465688,0.25997534161386726,-22.53694845399002,207.36982777422676,-4.365020321069068,0.9548807096373835,25.720915657127712,0.2824327552185908,0.9617706908302404,23.67573771465688,0.25997534161386726,log
both_species,leaf_biomass,voxel_vol_02,971.0573391702796,-7.522475354077723,0.9066441731276985,36.99780934143124,0.4062605456449539,32123.102121269476,-0.6194528890272112,-32128.08142790022,0.8954560638722777,39.1520691267396,0.4299157504102882,1091.167677354166,1.1079150986532667,-2.2858333157867157,0.8971957271855976,38.82494755849401,0.4263237380946059,556120.4709392037,0.034441312999292935,-7.635541254222898,0.9026918383253408,37.77286522589881,0.4147711745749895,297.54375101281653,872.8003291257141,-4.938202067005167,0.8899730090788406,40.1656604905547,0.4410456575008523,0.9066441731276985,36.99780934143124,0.4062605456449539,linear
both_species,leaf_biomass,voxel_vol_01,2993.440377768368,-7.99085451794364,0.8643607437901273,44.59621441829622,0.4896960854108642,36692.217822506405,-2.069595785461544,-36697.665472176996,0.8436063943257961,47.88668694716371,0.5258276615447641,4025.5747100016706,1.1284767460772802,-2.0964456069883797,0.846654436251129,47.41774570861791,0.5206783749562283,502973.62182165915,0.12117749013170633,-8.121722682601439,0.8605947512286344,45.211077541990555,0.4964476913187657,3257.0130411642244,2659.0295240026003,-5.24897936932505,0.8382818491446722,48.69503456817548,0.5347038558770402,0.8643607437901273,44.59621441829622,0.4896960854108642,linear
both_species,leaf_biomass,voxel_vol_005,12837.36286760567,-10.582185144395233,0.7729450721317509,57.69932878870671,0.6335769931869372,327289.441924317,-0.8547058349198678,-327299.7839349849,0.7623371656230156,59.031787119220326,0.6482082715798834,15285.399233616723,1.0399311184134516,-8.562405384205258,0.7512485849604378,60.39320462367749,0.6631575409570838,51295.64192573834,7.221222584536406,-12.653027103745648,0.7623288746284221,59.032816787911855,0.6482195780267217,-60376.932594916136,14247.046070609495,-13.491178794351834,0.7416284604577701,61.54993966961987,0.6758592608506707,0.7729450721317509,57.69932878870671,0.6335769931869372,linear
both_species,leaf_biomass,voxel_vol_002,112014.1513788982,-6.691269753636426,0.41718382316457203,92.44237483062432,1.0150787386578808,1205890.2084665773,-12.418720983340409,-1205896.415090896,-0.060333880879727575,124.68856143438639,1.3691633073878249,77669.09248079876,0.675223827950044,-52.64374504372537,0.06159331097959997,117.30076446097533,1.2880403846267983,35977.42895070268,703.467025994711,-36.31491697943292,0.41791540616950107,92.38433722856537,1.0144414471992758,-31206862.360011738,210348.12391660115,-44.44637671729311,-0.043230198499599304,123.67883055928003,1.3580757910300416,0.41791540616950107,92.38433722856537,1.0144414471992758,log
both_species,leaf_biomass,voxel_vol_001,680835.1999810488,-7.404304517866987,0.18277400352898476,109.46527734610659,1.202001526452677,1069315.3435598926,-111.31966015391258,-1069321.9396026763,-1.0817024173986702,174.7087346674222,1.9184180668622444,1828871.6909322666,0.5747796089608364,-94.85041667899843,-0.4769846583152497,147.1611886959095,1.6159276963030975,29905.66937871736,6257.3009617979105,-55.72990200425653,0.1923569603348534,108.8215787903143,1.1949332883282595,-1313365962.8137991,1396714.132357733,-61.616998920633954,-0.7484092337959789,160.1130906626907,1.7581481913493302,0.1923569603348534,108.8215787903143,1.1949332883282595,log
both_species,shoot_biomass,voxel_vol_02,961.3271549339419,-0.6749668192585246,0.8901867792918083,40.08192640901728,0.4135052609070848,12195.719924388866,-0.8368158104065548,-12193.00345336421,0.8799437440952207,41.90961482151694,0.4323606114747038,983.1055397538233,1.0190496242816867,0.19226399077878406,0.8735500318992035,43.01110833229149,0.4437241711228205,579423.7034475688,0.03908531096462266,-0.7989795094223231,0.8859422713952179,40.84920709513904,0.4214209133901044,335.9345657023196,850.7452942794258,2.2145825231622753,0.8783014643972022,42.195287270627034,0.4353077517742444,0.8901867792918083,40.08192640901728,0.4135052609070848,linear
both_species,shoot_biomass,voxel_vol_01,2978.520327008866,-1.6430303047550712,0.8593488579264228,45.36207405323234,0.46797791291908697,12563.154965077842,-4.541544199755904,-12559.220064816616,0.8447736199485408,47.65451309982903,0.49162786418149174,3619.9085076656993,1.081426405903233,2.1640535733371133,0.8381613975542797,48.658904995331696,0.5019896748530804,682475.6514781907,0.11956489030717954,-1.7535278706180304,0.8542001007319915,46.18488682438988,0.4764664622503545,5474.211930298649,2412.0410875065418,3.0189282344562915,0.8434975874483427,47.849983256357596,0.49364443237859085,0.8593488579264228,45.36207405323234,0.46797791291908697,linear
both_species,shoot_biomass,convh_vol,149.48255750838123,14.055978988474967,0.8093926308724904,52.80695374976538,0.5447830267731999,1217366.6127226136,-0.00012496964946817784,-1217352.5520563296,0.8093652055200724,52.810752651224696,0.5448222181464655,206.3957936116561,0.6384694017181866,-15.516172707427545,0.8514421510377954,46.6196568991282,0.48095176845432025,228.95276169858653,1.4938668159182082,-5.91630852576792,0.8523752564903218,46.473015101832125,0.4794389381069955,-42.612241134186455,242.54095879424725,-0.5168464288455287,0.8236441807328929,50.794439121622474,0.5240209162424462,0.8523752564903218,46.473015101832125,0.4794389381069955,log
both_species,shoot_biomass,voxel_vol_005,12667.454126683922,-3.3650244525318325,0.7207164080484547,63.92106209398374,0.6594417441144831,552842.7805556686,-1.2199353166312839,-552845.7915006109,0.6760606423800049,68.84194469482878,0.7102080377050474,9028.353098877325,0.8758235091506253,-12.245614374372044,0.6627304193193013,70.24410090720608,0.724673384617643,36304.442625597556,28.13621850055649,-10.228968217221905,0.692598683902947,67.06163430007865,0.6918414625368655,-162771.69963985597,16448.834336745575,-11.17112350066123,0.6247947332753607,74.08934148067497,0.7643428154318529,0.7207164080484547,63.92106209398374,0.6594417441144831,linear
both_species,shoot_biomass,voxel_vol_002,103652.19834030925,6.569051636099723,0.14814395468552544,111.63602818466515,1.1516932716773187,1245358.3494715656,-5.990656280665488,-1245351.524048836,-0.08603506661029314,126.05010038835468,1.300396071699907,30919.22164223985,0.48711378431759966,-89.91374574327438,-0.08160165876669012,125.79255668516039,1.2977391216547023,25836.31020565731,1537.533176331416,-40.568807296697706,0.18142257166949916,109.43371793354434,1.1289731342843419,-46742573.73854222,249572.2529206335,-49.14134388855604,-0.04551870612043318,123.67649690609014,1.2759087874010426,0.18142257166949916,109.43371793354434,1.1289731342843419,log
both_species,shoot_biomass,voxel_vol_001,606414.314896018,9.3617511059446,-0.1301496282610528,128.58468491923063,1.3265441172562986,1101898.3941868972,-38.49996756205058,-1101888.7194166025,-0.4450189311688131,145.3978685860355,1.499997354704906,284776.13252182154,0.36246699283562805,-187.32307960495555,-0.436369671036547,144.96207101520235,1.4955014483357578,20730.16224071567,14623.306091681594,-66.20978477201248,-0.08030406478093033,125.71707758016954,1.2969604413416909,-1923890860.0243027,1636970.9684142703,-68.05761244612751,-0.40324068209373043,143.28058805778508,1.4781544265902855,-0.08030406478093033,125.71707758016954,1.2969604413416909,log
tomato,aboveground_veg_biomass,convh_vol,383.823976053632,-0.10308028450875659,0.9166654994031709,58.5344897315762,0.35978840585247573,364576.81938822387,-0.036945438693535664,-364575.3170654685,0.9027494522411694,63.23324162307654,0.38866977921528556,391.68818814804547,0.9582075087041125,-5.985909263982317,0.8776805085809676,70.91649317409743,0.43589569405595346,270587.22734834754,0.11575011059808574,-3.2980301825395024,0.8609910295974889,75.59983219968223,0.46468233061516595,-9.850218485392762,395.4152670593547,-1.6176865265970803,0.7926277549857135,92.3367815503767,0.5675577524960811,0.9166654994031709,58.5344897315762,0.35978840585247573,linear
tomato,aboveground_veg_biomass,voxel_vol_002,316238.57151765993,-98.62669280594777,0.7338823644009105,104.60109871064795,0.6429416695712618,87.66446291831389,-1059.8791344206088,-95.41321920114771,0.8990589622529157,64.42186610597459,0.39597578478260526,427269262.28064907,2.1194190135027138,12.207776687995368,0.8793744465637032,70.42373873766662,0.43286692701667173,2634377.3273715666,0.12481994817075072,-98.63450693159598,0.7338247872376364,104.61241383599985,0.6430112191809201,158633237.13107762,-11617.606338297932,9.784476295809666,0.8835197570696888,69.20310042603941,0.4253641450794457,0.8990589622529157,64.42186610597459,0.39597578478260526,exponential
tomato,aboveground_veg_biomass,voxel_vol_02,1772.3474082828086,-4.402591625871783,0.8104849049950925,88.27166572312329,0.5425710899352526,72004.31502320278,-1.6551429609089539,-71993.38627044312,0.7711801499811054,96.99431192659704,0.5961857534738675,1995.4937296232958,1.1014101523990496,5.9428501235674975,0.7442192979655516,102.54944297715825,0.6303309515297213,1095317.4656798744,0.3362572231564297,-5.900275994466627,0.7632342707474843,98.66402725368677,0.6064488345823886,994.190056065837,1425.6354945492399,7.26586958060358,0.721342264532178,107.03725672157731,0.6579157713559773,0.8104849049950925,88.27166572312329,0.5425710899352526,linear
tomato,aboveground_veg_biomass,voxel_vol_005,24469.209486229258,-27.106130435878153,0.7857548368098768,93.85446344799072,0.5768863441185198,236.50445013080198,-62.18801066564914,-221.3383210341704,0.7996611400564168,90.75739402838178,0.5578498807546912,432601.28046061157,1.6576254143209834,25.667613025010418,0.7753211826508873,96.11263475498086,0.5907664318823241,1947645.5445648178,0.013798915643342647,-27.113177903280086,0.7856966467292582,93.86720825848616,0.576964681438484,668389.1323531677,8562.753228300417,15.865162064064284,0.8026244647340988,90.08367158243442,0.5537087747857828,0.8026244647340988,90.08367158243442,0.5537087747857828,poly2deg
tomato,aboveground_veg_biomass,voxel_vol_01,5345.516180866876,-6.28318738284789,0.79925103076971,90.85024027228766,0.5584205699712108,48414.32435966436,-7.388163899568364,-48398.64085413335,0.7614407720851204,99.03701188866717,0.6087414239231764,9738.033668057764,1.2248159380840171,14.81660176632032,0.7276924927605604,105.81061179998683,0.6503760691580098,1405084.5812762384,0.6355002956876203,-7.270695176471274,0.7627108086311671,98.77303451128427,0.6071188591716044,14975.297397629047,3668.1518735463296,12.269502885077696,0.7304510337099148,105.27330401938235,0.6470734502965092,0.79925103076971,90.85024027228766,0.5584205699712108,linear
tomato,aboveground_veg_biomass,voxel_vol_001,2154989.5868180976,-138.59845443121654,0.4022998234843521,156.76211356058258,0.963554840824065,12.574799779139791,-14698.762007816438,10.243586055803082,0.7104692163485348,109.10553698865382,0.6706286738440667,1.120979801023255e+17,2.773865804374644,422737.41603026603,0.5885299015218319,130.0674298107798,0.7994731557334294,2185002.322452489,1.034474229748936,-138.6058817017913,0.40223977633392194,156.76998781106582,0.9636032407339581,11481582810.33873,-1267750.137783677,52.46923192774125,0.5635657264345795,133.95497344300998,0.8233683520960537,0.7104692163485348,109.10553698865382,0.6706286738440667,exponential
tomato,leaf_biomass,convh_vol,170.51700777257378,-3.693079540949694,0.9572936837029886,18.35734359552723,0.26743546794179046,33599.7377229146,-0.12153262237585553,-33600.837503107105,0.9464008516979536,20.565663473868337,0.2996069559872181,165.25991649982623,1.0534426236636991,-0.8626997182095112,0.9424526575449772,21.309654916009286,0.3104456537780102,546794.4357208217,0.022074838194386413,-3.9355921576804667,0.9408103174926762,21.61159328322254,0.3148443854411758,8.019130900830374,156.36872385408537,-1.4487809079324339,0.9230504389956644,24.641483703085097,0.3589847676283742,0.9572936837029886,18.35734359552723,0.26743546794179046,linear
tomato,leaf_biomass,voxel_vol_002,140066.34421026162,-47.11734874852537,0.7576313112584385,43.73227165697496,0.6371052801773686,33.33478496032525,-1126.1345369804724,-38.715514289100064,0.9531993828233367,19.2171761371035,0.2799617747525458,307528186.3598666,2.228174609657215,3.913923094297535,0.95190103928394,19.481914223616332,0.28381856120316407,1273762.1397065707,0.1116431509112031,-47.120123913880256,0.7575879185011312,43.73618631057637,0.6371623100636523,77418688.18285762,-19642.152849029106,5.622135062347723,0.9495008645043422,19.962078186681403,0.2908137385545527,0.9531993828233367,19.2171761371035,0.2799617747525458,exponential
tomato,leaf_biomass,voxel_vol_005,10896.53017218786,-15.893891552630068,0.8309139905375996,36.52730390066353,0.5321410780645891,65.64088449814939,-69.3900955789685,-61.11755591401964,0.9081186651656783,26.92634639778662,0.3922713551327409,252524.7131987785,1.7880853821844525,10.310202521094968,0.8857588948929971,30.02444431740225,0.43740540530456246,1112140.1769992255,0.010290579724837176,-15.896374342113939,0.8308748670845277,36.5315295359145,0.5322026384278744,353547.02884227486,2520.9685938144744,6.662250772689439,0.9027954017733898,27.695370880960322,0.4034747420196303,0.9081186651656783,26.92634639778662,0.3922713551327409,exponential
tomato,leaf_biomass,voxel_vol_02,792.7384337901291,-6.111490573369606,0.8736517269267154,31.575369086983777,0.4599997577683148,18005.607865154623,-2.2729950880291967,-18002.398496230868,0.8513014635903675,34.25446015855577,0.49902958638464584,1024.0719434599816,1.2346295011163602,4.257294652622281,0.8420459762906427,35.304423763410924,0.5143257814209856,734191.7339102125,0.06328657491838303,-6.275503153676285,0.860874680785323,33.13346591460708,0.48269859499526435,752.4515786430559,536.5070001510793,2.4162338746317187,0.8429750936657875,35.2004367547738,0.5128108664677397,0.8736517269267154,31.575369086983777,0.4599997577683148,linear
tomato,leaf_biomass,voxel_vol_01,2391.6753595398072,-6.973866689939023,0.8613191805127641,33.0804935326755,0.48192687692635405,634.2608234845793,-8.87430521230981,-629.584295719859,0.8454071696696638,34.92677245393935,0.5088240401618652,5555.16384135445,1.3526865350601582,7.0797289743331815,0.8369669388413519,35.86754254392798,0.5225294702494216,833782.4244174404,0.004283817293487815,-6.978209153166001,0.861173721346836,33.09783767555647,0.4821795517724332,9290.273518599151,1364.058656002024,4.315516376961765,0.8502024731377393,34.380809835046854,0.5008702876103351,0.8613191805127641,33.0804935326755,0.48192687692635405,linear
tomato,leaf_biomass,voxel_vol_001,959310.5783767273,-65.49432022864991,0.42440977891495624,67.39388368641677,0.9818149737352467,5.470321618434513,-15045.002762719305,0.6244756900779558,0.4601474257291315,65.26815990827774,0.9508467712628522,1.0541734170323717e+22,4.016630807379017,15.728111595743117,0.4925401452018394,63.27973124568691,0.9218787265628329,1057001.6733738563,0.9471335671226359,-65.49732161604126,0.4243597551541374,67.39681217803216,0.9818576369082408,5416448253.61558,-652642.9702798955,24.200834201029345,0.6860280525160812,49.7747633608045,0.7251341710644887,0.6860280525160812,49.7747633608045,0.7251341710644887,poly2deg
tomato,leaf_no,convh_vol,1002.741851147686,-43.97873377330453,0.9581264649445524,106.68350172315591,0.2801142205784289,1610308.0428743388,-0.032889298021443907,-1610349.0512444742,0.924431252415667,143.31728138661856,0.3763019391246549,990.6630888195753,1.0298010710017897,-35.930109997409446,0.9310528195522697,136.89440685777032,0.35943767742100236,669163.4921857632,0.056403848178407524,-50.853303515708134,0.9505018368365855,115.99038514306885,0.30455089872523705,-12.662889025015378,1029.616449336493,-48.67440019451692,0.9177511639286647,149.51760418643232,0.39258185645349825,0.9581264649445524,106.68350172315591,0.2801142205784289,linear
tomato,leaf_no,voxel_vol_02,4656.086770259997,-58.07640008121983,0.9167899169030308,150.3887767730848,0.3948692563434335,1743.5998701037254,-2.19952162982542,-1749.6899967489142,0.9136499007269215,153.20003680697673,0.4022506592831347,6312.421583944727,1.2845669865885547,13.460051300111962,0.9149376276834571,152.05342055372827,0.3992400389632776,4477715.839496986,0.0010778027775858138,-58.100039881076135,0.9167654858859688,150.41085271019205,0.3949272201692965,5037.13177285803,2973.7789496679293,-2.4936986104051857,0.9149736225214034,152.02124582590048,0.3991555591827845,0.9167899169030308,150.3887767730848,0.3948692563434335,linear
tomato,leaf_no,voxel_vol_005,63469.74330271186,-111.47298257820823,0.8472640617424757,203.75021120825656,0.534978048933907,415.3847325297055,-66.73037608394888,-414.4206093775463,0.8695971129566625,188.26563449739953,0.49432087077336717,1408112.0110430703,1.8044910225405755,41.64119907945259,0.9003083679539429,164.61022251208007,0.4322098865658517,6185472.732189798,0.010368421405663578,-111.48652183685729,0.8472395359962991,203.76656926200556,0.5350209995626553,2184976.43642267,12136.30538126674,26.100209552996866,0.9086895043194492,157.538896552727,0.41364301420445954,0.9086895043194492,157.538896552727,0.41364301420445954,poly2deg
tomato,leaf_no,voxel_vol_01,14013.599105535335,-62.08690478450371,0.8969374983242806,167.37006664661624,0.4394562890196226,1084.923680520603,-8.662684349204289,-1081.9021093978456,0.9004478778291718,164.49500325516536,0.4319073603849053,34287.87202345502,1.398145300107696,28.3471244232934,0.9033636842633268,162.0681337264336,0.42553523484059835,4794321.3460350605,0.00295177628200879,-62.10718868355592,0.8969108759497598,167.39168217513352,0.4395130439707182,60410.17808550701,7432.552792077596,9.744988550022226,0.9047240197751515,160.9233859363197,0.422529520462955,0.9047240197751515,160.9233859363197,0.422529520462955,poly2deg
tomato,leaf_no,voxel_vol_002,811354.5667026031,-289.62324266574063,0.7566102204992783,257.2045325813715,0.6753307307087774,235.47149262108624,-1071.7618499964476,-297.744763587552,0.6428954011571002,311.54814561520953,0.8180183868366342,8067594960.182712,1.582448453038466,1294820.5061070048,0.6883441085076837,291.04833530149654,0.764192928398528,7166593.415361914,0.11424140780330479,-289.6407379592136,0.7565745798665453,257.2233636858202,0.6753801747189577,460466648.57098293,-133797.31770163198,21.3412576426821,0.8919461351907318,171.37505279465796,0.4499720065876241,0.8919461351907318,171.37505279465796,0.4499720065876241,poly2deg
tomato,leaf_no,voxel_vol_001,5529119.119309067,-392.2249974864111,0.4225830716375669,396.16144317698723,1.0401838342981662,48.286118116174826,-14904.714286021406,-52.16683252098405,-10.891501194284485,1797.8182757954328,4.72045308723482,1.8976278060172413e+37,3.9396238285520853,55.10989540293718,-6.7938080534013485,1455.4667950471392,3.821555725930223,5621468.283314256,1.025949418196103,-392.2458869621622,0.4225163035406275,396.18434706128664,1.0402439720288847,31979466672.563396,-3958233.714955792,135.77608121175479,0.6952019862110579,287.82831505817563,0.7557382615931094,0.6952019862110579,287.82831505817563,0.7557382615931094,poly2deg
tomato,shoot_biomass,convh_vol,213.3069681526445,3.589999454026472,0.8694227113719448,41.43646450493556,0.44058244770530486,432272.63090790913,-0.02744428505567669,-432268.38401817,0.8561921007464762,43.48507673073049,0.46236477396367176,226.89850564107465,0.887193498259865,-5.853969121971384,0.8137014435225116,49.49412086782653,0.526257275554285,84233.69418134,0.3283448147580424,-2.1835959226111705,0.7837987342889247,53.31850770249532,0.5669209212760289,-17.869334705288676,239.0465142431267,-0.16889619604682346,0.6412882941082478,68.67863332643431,0.7302408817338025,0.8694227113719448,41.43646450493556,0.44058244770530486,linear
tomato,shoot_biomass,voxel_vol_002,176172.22752258595,-51.509344008552034,0.7020993241951509,62.58706902752692,0.6654709661236715,57.023171483343155,-1004.7068504002857,-59.612333541483245,0.8236939478076709,48.14846876802039,0.5119493295705789,167232273.824321,2.0287589394703316,7.832520132885024,0.8010375084221504,51.14868527717028,0.5438498005455984,1428291.6010142113,0.128250344650187,-51.51479681376711,0.7020587594267389,62.59133008455939,0.6655162727626333,81214548.46097103,8024.547602474827,4.1623410097190225,0.8114973733057924,49.786038749343575,0.5293611575168112,0.8236939478076709,48.14846876802039,0.5119493295705789,exponential
tomato,shoot_biomass,voxel_vol_02,979.6089743539463,1.708898720539001,0.7470427557953296,57.67298505049533,0.613220872572082,64818.29004379089,-1.1460970984646763,-64810.77177468303,0.6983944489802656,62.975052013329666,0.669596281726614,992.3077119517703,0.9965262318774649,0.27339302924013875,0.6611379819592857,66.75139037292965,0.7097490413240893,421585.1005107244,0.831590917860737,-0.14372410045168982,0.6708966237054419,65.7832064813847,0.6994546102266941,241.73864228089465,889.128431938651,4.849638753959819,0.604131705780768,72.14798885708042,0.7671295779561825,0.7470427557953296,57.67298505049533,0.613220872572082,linear
tomato,shoot_biomass,voxel_vol_01,2953.840809748022,0.6906795200596597,0.7368881873085147,58.819190467046006,0.6254081572265637,47484.671706769106,-6.04899633939551,-47474.01572375315,0.6826096970589979,64.60196030558487,0.6868947468866539,4382.508930028308,1.1199945407162282,6.403605299610784,0.6341207446937323,69.36138602219407,0.7375004020010155,623906.6450956111,1.7647494510059498,-0.478382362880637,0.6701735632526757,65.85543171699119,0.7002225611479367,5685.02361661324,2304.0932443627585,7.953985893239632,0.6142879348606208,71.21647631108604,0.7572250631167584,0.7368881873085147,58.819190467046006,0.6254081572265637,linear
tomato,shoot_biomass,voxel_vol_005,13572.679251155982,-11.212237865248468,0.7366030693260928,58.85105119564393,0.6257469235271895,16280.687615626783,-56.56368490440106,-16270.16643266298,0.7085905800343847,61.90142729380837,0.658180727516209,215328.59268690506,1.5482600837066498,14.412656506885401,0.6736385399018707,65.50859777666278,0.6965347719457724,943118.0793338931,0.9046631975286348,-11.42216597841885,0.720578534119805,60.61481067272677,0.6445004894228519,314842.0966095021,6041.7848654157815,9.202910197008407,0.7015093559953514,62.64901268876205,0.6661295959129855,0.7366030693260928,58.85105119564393,0.6257469235271895,linear
tomato,shoot_biomass,voxel_vol_001,1195679.0095265475,-73.10413428480491,0.37659062446336944,90.53896684085376,0.9626757519020823,8.048377131281466,-14537.054690274192,8.505807292736177,0.5979871148499272,72.70576631231312,0.7730602711134617,3.413099359648621e+21,3.923195803578754,28.33665028034496,0.47988950103571526,82.69831864738747,0.8793083117996071,1147514.9644004009,1.135008098965278,-73.1100533231803,0.37655312618292347,90.54168977433152,0.9627047040994018,5970301069.783349,-586270.5647708211,26.30337730270426,0.5069310742612061,80.51979977417159,0.8561447241479789,0.5979871148499272,72.70576631231312,0.7730602711134617,exponential
tomato,shoot_no,convh_vol,48.59046486288206,1.273804721971981,0.9540242417018312,5.440065636763656,0.24889189187807575,136836.53726392798,-0.0003972322304110105,-136835.2609795262,0.9539803457278284,5.442662005123182,0.24901067997295603,50.978640037157085,0.9172388981557056,-0.25146957164405165,0.9480206312576283,5.784358341115425,0.26464384567194754,489.3996209004844,0.22374581238220934,0.06229594872101868,0.9469578642564918,5.843192451932967,0.26733560237601806,-4.479568374404559,55.896918789728325,0.14370484973227068,0.9468986859506874,5.846451123840556,0.2674846919404176,0.9540242417018312,5.440065636763656,0.24889189187807575,linear
tomato,shoot_no,voxel_vol_02,223.64074859493107,0.7781309129000328,0.8838895556983815,8.645205730153597,0.3955322883076809,1165.8074154435562,-1.5291186964463968,-1163.2161963079468,0.8733735884896505,9.028213877920042,0.41305553689830254,247.8367919603624,20.729680749749384,14.943938458230331,0.3818206656320182,19.947888428634116,0.9126484901989464,164651.230528683,0.0027099133209812468,0.7750411727803733,0.883732029666319,8.651068180234974,0.3958005049780707,153.8556999546839,171.74588325425728,2.507251196984009,0.8742880478604113,8.995555231737514,0.41156135047165093,0.8838895556983815,8.645205730153597,0.3955322883076809,linear
tomato,shoot_no,voxel_vol_002,39484.400226335776,-10.763098999460643,0.7628736565530003,12.354625671500298,0.5652443117679875,13.7129759898759,-971.6927232423201,-14.022153885942334,0.8279731669055103,10.52295677257178,0.4814424667189703,26538321.979296416,2.02470481877634,2.4207360288049387,0.8795730547467215,8.804435663443014,0.4028173179353013,328944.10267154983,0.12275833459975631,-10.764057654150164,0.7628266871304097,12.355849198361394,0.5653002901211095,18963478.829335842,469.68633415088055,2.096107632165943,0.8833451519270688,8.665449295402418,0.39645846449553546,0.8833451519270688,8.665449295402418,0.39645846449553546,poly2deg
tomato,shoot_no,voxel_vol_005,3057.2022111883116,-1.85269133195063,0.8244007290855738,10.631659117467937,0.4864157766161801,23.693488975505364,-60.34598102669384,-20.484512564717345,0.8803141332706229,8.777303665880961,0.401575984713508,7394.266353999477,1191.4969540073623,21.85714298890984,-0.15976331495162444,27.322747761574718,1.2500603551047256,264999.26615276496,0.01192746524898334,-1.8534696825561174,0.8243700558714278,10.632587631907375,0.4864582576689649,86897.9536896825,1007.9670617678532,3.6574057331522494,0.878106390385068,8.857887458176803,0.405262824883906,0.8803141332706229,8.777303665880961,0.401575984713508,exponential
tomato,shoot_no,voxel_vol_01,672.7193057620361,0.5970198521942954,0.8635393982097282,9.37223846790753,0.42879522402191317,74.92978019131647,-7.054019482873124,-71.69712266973168,0.86739669030451,9.238827771637954,0.42269146667624624,932.5877884323817,123.39844694548579,21.857142917175985,-0.15976330988872345,27.32274770193653,1.250060352376181,208000.36037039882,0.0034805444098388026,0.5958086829829254,0.8635015980950139,9.373536451187356,0.42885460887785287,2164.719130007027,435.31477075777565,3.2034652831450194,0.8668814611701704,9.256759067475995,0.42351185276033965,0.86739669030451,9.238827771637954,0.42269146667624624,exponential
tomato,shoot_no,voxel_vol_001,269915.92627589183,-15.873142333524243,0.4359900688922942,19.053864162736204,0.8717454192101531,2.5113537177317267,-14477.92789277215,0.6562260268735445,-5.5690433477438965,65.02655599299416,2.9750711892219552,7.285902444061648e+35,3.9260128365986255,6.2215811218689065,-5.1745779601490325,63.043937293045076,2.884363144126245,252886.1551137441,1.130987459311593,-15.874158150693797,0.4359251173170048,19.054961255886987,0.8717956130144373,1465310348.8798826,-165888.9573139416,8.388633500122552,0.6434738908909348,15.14904860446993,0.6930937270018922,0.6434738908909348,15.14904860446993,0.6930937270018922,poly2deg
watermelon,aboveground_veg_biomass,voxel_vol_02,2057.013245153824,-6.588237067751038,0.9831769342057115,36.120652403067076,0.16166067269258208,382956.6265938716,-0.14151406463181176,-382962.5738430704,0.9799572235295084,39.425930827824665,0.1764536926973154,2030.6853439343927,0.9879450802235624,-7.849771558821422,0.9704170398540045,47.89871122619513,0.2143742530319562,483437.05170435907,0.8703138262638539,-8.13309956382605,0.9523438446309106,60.79425147576586,0.2720892048057192,-691.0367679950724,2220.9059045498666,-7.687032945897793,0.7721661959370137,132.9266607153364,0.5949231799643583,0.9831769342057115,36.120652403067076,0.16166067269258208,linear
watermelon,aboveground_veg_biomass,convh_vol,284.24158656381053,13.959457834527598,0.9488271908104706,62.997402561905616,0.2819495717407999,2062809.3240255278,-0.00014193749408170732,-2062795.3576219673,0.9488130555359314,63.006102730111955,0.28198850999222125,384.6211430531079,0.6622105697198766,-19.49735924438773,0.9431132855944797,66.42146338174321,0.29727421121016495,644.6107877556333,1.2461087900978272,-3.106432732453001,0.9230879322684492,77.23252928129476,0.345659942628929,-52.03890109430201,401.0905133123323,1.6336047285054165,0.8342836446694427,113.3667511028231,0.5073813462654602,0.9488271908104706,62.997402561905616,0.2819495717407999,linear
watermelon,aboveground_veg_biomass,voxel_vol_01,6541.128263304893,-7.065371659106303,0.9223385197951336,77.60788464130917,0.34733987352612244,138394.89897890636,-2.071767745399699,-138399.51851376324,0.9094321445662301,83.80888372552383,0.375092907223684,7263.615334781054,1.016412057887678,-9.524267687039966,0.8836432746743297,94.99456519066067,0.42515525853452085,766881.6488475085,6.428495487190588,-9.714503306907252,0.8765527199257603,97.84615787405741,0.43791777418066735,-4111.006824058858,6782.322432360934,-7.144026807710428,0.6792093011084842,157.72985278777082,0.7059317152092144,0.9223385197951336,77.60788464130917,0.34733987352612244,linear
watermelon,aboveground_veg_biomass,voxel_vol_005,26483.78467138844,8.485026534444355,0.5412438732339934,188.62269810266037,0.844194947535795,1810268.9505762632,-5.560044708472089,-1810259.2443242148,0.09472060602740195,264.9685515303212,1.1858865062784307,26729.505247177534,0.48040329455303965,-165.66780767324286,0.29601850283790665,233.65960407104149,1.0457609777834336,126528.979597749,444.53860526162816,-52.48007149247125,0.5719340331336378,182.20419197066613,0.815468444830336,-1588171.2207528779,63382.18969509745,-36.46737772351536,0.2554293665825542,240.30121448398918,1.0754860003311442,0.5719340331336378,182.20419197066613,0.815468444830336,log
watermelon,aboveground_veg_biomass,voxel_vol_002,185473.9461961396,53.5968610013968,-0.4014422544002656,329.6784942319212,1.4755006790875251,2373867.944845409,-0.07843872571052295,-2373814.3342623906,-0.4018197859925401,329.7228969411041,1.4756994067227789,112489.57033947825,0.16466627881638082,-107857.5025369731,0.24247037170128183,242.3833735984732,1.0848048586769004,239.86600707124427,10056.314035644109,-140.51799686360465,0.4247504729806507,211.21810856836032,0.9453223916054347,-146555338.30652443,657845.530149927,-77.85506751203876,0.002833244246716271,278.0909846019255,1.2446169337924924,0.4247504729806507,211.21810856836032,0.9453223916054347,log
watermelon,aboveground_veg_biomass,voxel_vol_001,1130916.3533930513,57.58812185404573,-0.8584200550886405,379.6426147287468,1.6991188252903386,1928567.5892529413,-0.5925245408022295,-1928509.9787765485,-0.8590032272092665,379.7021759733209,1.699385396080833,-44724.75018349959,0.07745263748038417,47739.045885952044,0.39173474856798596,217.19484718465958,0.9720717308598007,272.37239188490713,45849248.562149025,-376.920334228074,0.1228531374650047,260.8189674543068,1.1673147333869214,-2911684019.429233,2846975.732396518,-37.853716314349626,-0.6326171958454174,355.8321603592366,1.5925533616453849,0.39173474856798596,217.19484718465958,0.9720717308598007,power
watermelon,leaf_biomass,voxel_vol_02,1110.259787106966,-1.58704694201222,0.9875241675161798,16.73675872954627,0.13666341732504486,913286.5525461771,-0.0013806849471495357,-913288.1358049691,0.9875019212167463,16.751674171618962,0.1367852088449865,972.0237091857009,0.879008886403245,-7.122123039364477,0.988400512896573,16.13823299846254,0.13177617642681327,1240.7090670114324,1.4565425235001899,-4.432733492656127,0.9818000020277942,20.214930753288833,0.16506430918769,-661.5609362266757,1305.8722008813766,-4.252106566326234,0.9456735832156887,34.92545870423995,0.2851826100438481,0.988400512896573,16.13823299846254,0.13177617642681327,power
watermelon,leaf_biomass,convh_vol,152.607867455987,10.101590393677787,0.9405434385054819,36.53730267289577,0.2983440655270054,1207546.411741753,-0.0001273358471306215,-1207536.306038694,0.9405262389073905,36.54258704743954,0.2983872149022964,224.3206750034542,0.5835042544288792,-16.051055907883665,0.959401723240378,30.19189608830987,0.24653087026145712,243.58766386982424,1.9393510371402858,-2.551463279444681,0.9450604581707225,35.12198918481887,0.2867873728009902,-36.70297351010184,236.05025896855895,1.2090215805515176,0.8662206083664209,54.80638996329784,0.44751965805725485,0.959401723240378,30.19189608830987,0.24653087026145712,power
watermelon,leaf_biomass,voxel_vol_01,3546.082019693143,-2.4381054724532674,0.9519136754367218,32.858473217600924,0.268304712433561,374376.90984076273,-0.39767258881658984,-374379.1099731205,0.9471164692883429,34.45853499827692,0.2813699608733529,2954.5640628948645,0.9055803515933333,-7.438449622820812,0.930552472013742,39.48798598840238,0.3224377668139366,77621.74601659688,7.000463556480755,-4.82194073289214,0.919732499428027,42.45281157505403,0.34664694632067433,-6158.808901734761,4070.5939649310544,-4.172570959518131,0.8060070945546425,65.99780807601684,0.5389027907600973,0.9519136754367218,32.858473217600924,0.268304712433561,linear
watermelon,leaf_biomass,voxel_vol_005,14566.467590514998,4.161890397071717,0.6290387152614223,91.26429045452632,0.7452153678503295,1034825.5601311724,-5.048295285192175,-1034820.7975336943,0.27489806549433893,127.59572387371254,1.041878415195216,12242.340570626297,0.5006178252519512,-78.66423762325307,0.4325399792890684,112.87667890388309,0.9216905689196525,65236.405877311445,393.6655046803155,-26.53897106229821,0.6557754729363776,87.9138894078409,0.7178577854266119,-779491.4232326036,32675.273317007086,-17.891869503174934,0.3942306811155786,116.62461547884797,0.9522942137787972,0.6557754729363776,87.9138894078409,0.7178577854266119,log
watermelon,leaf_biomass,voxel_vol_002,104067.4683385831,26.928140742544976,-0.2743228774000894,169.15168491193702,1.3812021598629591,1218175.8625221201,-0.08654466773756739,-1218148.926325384,-0.2746712361540147,169.17480363824066,1.3813909350130291,42247.68031372658,0.19085047458018728,-39403.72593913439,0.3174538777945056,123.79485343664774,1.0108425407387112,136.34324410216104,8440.649931701413,-71.92264817594813,0.5073830844826512,105.1698485434405,0.8587607154861349,-74745972.28120643,345599.13200995186,-40.39134297147217,0.24255128571584272,130.41069354336477,1.064863951459289,0.5073830844826512,105.1698485434405,0.8587607154861349,log
watermelon,leaf_biomass,voxel_vol_001,639694.0677161766,28.349104595807564,-0.7331218166137796,197.26549781268093,1.610764514625825,1141212.7660883556,-0.5587353955429075,-1141184.4055160144,-0.7337405449984722,197.30070678363276,1.6110520122451986,69068.68975163245,0.1657161720537988,-60682.38923482785,-0.002394051848334078,150.0223032039772,1.2250018633915845,155.7553477958275,11780195.340816665,-187.44576423329863,0.19755844489192476,134.22805390144782,1.0960344737884313,-3307974914.210931,2441295.545202586,-75.5621453027372,-0.3321601556465099,172.9477069198872,1.412198444641309,0.19755844489192476,134.22805390144782,1.0960344737884313,log
watermelon,leaf_no,convh_vol,445.26345613919165,52.12101194458391,0.9062331238215848,134.83696881218657,0.3553016305986471,4116520.405239536,-0.00010898487897403673,-4116468.2737087295,0.9062102205997072,134.85343524779879,0.35534502041580707,737.3253995191435,0.4825648327947484,-70.01337748084285,0.9747111132183994,70.02435432099472,0.18451740269036818,457.2818372350286,3.8934388549870547,-3.737697863405251,0.9782124731340051,64.99623866871016,0.17126808608355773,-150.4714183530078,790.2129886612096,15.14391456019662,0.8944517058952282,143.0572479865831,0.376962445287439,0.9782124731340051,64.99623866871016,0.17126808608355773,log
watermelon,leaf_no,voxel_vol_02,3244.4118651077115,17.437258156065262,0.957587820853283,90.68376660684629,0.23895590673740788,3337096.7030776204,-0.00103501705937474,-3337079.255452422,0.9575473224748183,90.72705215932564,0.23906996616423093,2354.119666623041,0.6923297717617746,-41.202613337555974,0.9757891998567387,68.51549950892694,0.18054150068228442,1024.3675746489266,6.118493246170554,-9.810940088036599,0.975340688588673,69.14722081554652,0.18220611545598556,-5214.917755442711,4794.3646150296745,-3.901037669545327,0.718471094664569,233.63922273364744,0.6156501257803622,0.9757891998567387,68.51549950892694,0.18054150068228442,power
watermelon,leaf_no,voxel_vol_01,10384.483289816499,14.054279055604564,0.9407338932911903,107.1981909198815,0.28247217633697363,2401977.6479641097,-0.004615818934438439,-2401963.5822423394,0.9407145153685978,107.21571449777151,0.28251835177278395,5133.448638926622,0.6775786264856276,-49.299862952606986,0.9402748082963366,107.61257738663625,0.28356410378560276,924.9513974837249,26.4558974761862,-15.175760156882708,0.9370795645453942,110.45366139173892,0.2910504911508272,-55470.765299510604,15464.412789692546,-5.231801539747391,0.7734462127723963,209.58969236395038,0.5522785042528336,0.9407338932911903,107.1981909198815,0.28247217633697363,linear
watermelon,leaf_no,voxel_vol_005,42883.21114684529,31.35741953879426,0.63299962082575,266.75803731155594,0.7029197294112146,3603697.8225092604,-0.014864270539080978,-3603666.4528742926,0.6327621319990933,266.84433396312465,0.7031471250675222,9187.843111354383,0.41501058776900945,-280.04578523249796,0.6639957519513012,255.24464593603778,0.6725814122161733,782.7755507393871,491.66623127221044,-73.75652771489526,0.7221900690700944,232.0909147211397,0.6115702627698016,-2702945.8115802677,104742.6966273981,-42.60822015450057,0.7535078185907546,218.61795679380924,0.5760683973486409,0.7535078185907546,218.61795679380924,0.5760683973486409,poly2deg
watermelon,leaf_no,voxel_vol_002,306429.8387254139,98.34672873565904,-0.30122272662384497,502.2964131048997,1.3235742110801048,3944543.8424716317,-0.0805074335170654,-3944445.4737563184,-0.3015799244333899,502.36535090603917,1.3237558653650572,-323297.6233491502,0.1377570437604621,330347.03087646654,0.35797107088246605,352.82679169223246,0.9297148661191896,392.7753830401285,9486.927797771099,-210.21370736187313,0.5316560770619777,301.3468815674095,0.7940629290313822,-226766510.92812553,1037684.5550981011,-105.14366402777003,0.14556032993830326,407.02863056587586,1.072539210977275,0.5316560770619777,301.3468815674095,0.7940629290313822,log
watermelon,leaf_no,voxel_vol_001,1881602.6206393156,102.85900912493416,-0.7739164723738867,586.4768045199539,1.5453934242950038,3230846.267025516,-0.6053476809890671,-3230743.371100217,-0.7744632525200386,586.5671833994274,1.5456315768100855,243820.8615484918,0.14920809316348926,-222187.6455511378,0.021258834610152655,435.63040549674105,1.1479062068425323,450.7752771015019,31401913.36518411,-584.8976827895871,0.21535014244014072,390.05172872831605,1.027804291774219,0.9997718955863697,1881602.6140105266,102.85900988834366,-0.7739164548732691,586.476801627003,1.5453934166719447,0.21535014244014072,390.05172872831605,1.027804291774219,log
watermelon,shoot_biomass,voxel_vol_02,946.7534551222279,-5.001189848833738,0.9605660127986703,25.643058875705574,0.253972138456794,83356.2012714613,-1.0157302192732927,-83358.74145762216,0.9486941786895754,29.249456864096874,0.2896903658990658,1104.6895503445198,1.128022486854704,-2.0519214079573453,0.9260023173927999,35.1272008122051,0.34790429455079935,708534.027858884,1.0945436049676904,-5.665511700728365,0.9063496676812789,39.51747118781705,0.3913860944835696,-29.475802258689555,915.0336979197169,-3.434927167323848,0.4114992623549386,99.06220479055528,0.9811247602265598,0.9605660127986703,25.643058875705574,0.253972138456794,linear
watermelon,shoot_biomass,convh_vol,131.63371900848807,3.8578671987259314,0.942034246827534,31.08996445493928,0.30791898873840506,702854.3459231041,-0.00025441359341395815,-702850.483497721,0.942000079190705,31.09912602073393,0.3080097260590874,160.86607222790582,0.7692753152352191,-5.262388007397364,0.9072943596323862,39.31765096538679,0.3894070494155257,948.1514436614987,0.7625658695610892,-0.8626127799154555,0.878530009657418,45.00585145151146,0.4457437153505216,-15.335925250421687,165.04024503132024,0.4245913150382735,0.783804906457569,60.04231114278065,0.5946667374096808,0.942034246827534,31.08996445493928,0.30791898873840506,linear
watermelon,shoot_biomass,voxel_vol_01,2995.04624474489,-4.627266093768258,0.8718933980546549,46.21896753193905,0.45775857233914763,56464.370799308956,-5.556438649608841,-56465.84178079178,0.8452717691458796,50.79480107512231,0.5030782136431574,5100.497094121686,1.166418669295124,-3.0923234201871,0.8069881452733904,56.73178860406866,0.5618788983050934,579293.5167529654,7.557627348763669,-5.95283152387805,0.8119799118998787,55.993370417648684,0.5545655100393064,2047.803617562521,2711.728309794668,-2.971453902143425,0.4890532578186323,92.30437821381811,0.9141943805346062,0.8718933980546549,46.21896753193905,0.45775857233914763,linear
watermelon,shoot_biomass,voxel_vol_005,11917.31707373112,4.323135940816269,0.429747243648246,97.51427146943799,0.9657938304159536,857049.7367992753,-6.158984640888529,-857044.7935960764,-0.13972425734622274,137.85876378961277,1.365370848086649,15020.067121882463,0.4591678625919416,-87.79525785469109,0.12264939989844925,120.95423322586096,1.1979462129175678,68157.33654859611,503.6708231086192,-25.746785682543283,0.4648427184521948,94.4659297659363,0.9356026638730717,-808679.7927248948,30706.916265384043,-18.575508136347942,0.08031218505400994,123.83821975902039,1.2265095848092504,0.4648427184521948,94.4659297659363,0.9356026638730717,log
watermelon,shoot_biomass,voxel_vol_002,81406.47933775277,26.668717927010555,-0.5467198108528601,160.59806488921922,1.5905837977301645,901201.4132290848,-0.09039064790912948,-901174.7362586984,-0.5471427656788699,160.62002138163993,1.5908012576424209,56361.19218241443,0.13525998607588288,-54506.82403627568,0.15153048237619793,118.94675707779987,1.178063912108786,104.26239728099105,12635.671842482123,-69.00465101199462,0.3223918938813257,106.29767861901404,1.052785819457789,-71809366.78607616,312246.39975098934,-37.46372464378305,-0.3086232945630081,147.72085318735137,1.4630462442293735,0.3223918938813257,106.29767861901404,1.052785819457789,log
watermelon,shoot_biomass,voxel_vol_001,491222.28334422567,29.239018417050282,-0.9962449122145851,182.44896122637337,1.8069978728545024,904008.2970349096,-0.5513162202578329,-903979.0477302044,-0.9967156910090855,182.47047362648172,1.8072109344196354,126488.17925481652,0.10769858682853004,-121631.93771972627,-0.1447410184675988,138.16183933087478,1.3683725470532724,117.40411880364225,76265576.01325849,-178.05356324898202,0.033220858488635985,126.96912299583651,1.257518451349304,-2549729462.8912897,1994095.3292063575,-60.42625269612144,-0.7368454739598906,170.1825687101669,1.6855099507781368,0.033220858488635985,126.96912299583651,1.257518451349304,log
watermelon,shoot_no,voxel_vol_005,2321.6248407608673,1.3363272805164408,0.9630413305666481,4.318531484516893,0.21273554110920656,11861.451846551674,-19.53717930022672,-11859.721424072563,0.3028423321937991,18.756138481886058,0.9239477084672935,3836.805386684037,422.34180128752877,18.438687720120107,-0.23422269118761685,24.95598349494933,1.2293587928546468,101186.8703244645,2.035760367484328,1.290922287518946,0.9565867640258913,4.680465041520446,0.2305647803704653,22300.709206317497,1875.2267822971858,1.7728056237168819,0.7450351600538008,11.342742520451198,0.5587557891847881,0.9630413305666481,4.318531484516893,0.21273554110920656,linear
watermelon,shoot_no,voxel_vol_01,525.8231101736682,1.782238672494568,0.909156366854952,6.77056908400783,0.3335255706407798,10970.960704021174,-3.443687363979149,-10968.965654675127,0.38208171600255125,17.65807875415535,0.8698560962638103,725.6188242866326,95.32140353394885,18.350980034167236,-0.2547460621638311,25.16261930778453,1.2395378969351984,52811.02666294322,1.7092929515217734,1.6758691215698263,0.8884969691220945,7.5010362225028535,0.36950917352230805,916.8644918723614,452.50920598158393,2.000350112363543,0.5669129773600313,14.78309989462138,0.728231521902531,0.909156366854952,6.77056908400783,0.3335255706407798,linear
watermelon,shoot_no,voxel_vol_002,18289.541047396873,3.2052446013196083,0.6810615467959138,12.686194578017236,0.624935693498386,196403.93759830968,-0.09832096285218103,-196400.7310506429,0.6809105108387601,12.689198048956966,0.6250836477318702,1537.1478001780085,0.5140473721350503,-10.067645245306318,0.8147821865946415,9.667614019109262,0.4762371437984858,36.35496380993469,1628.6379104072882,-3.1519752118307727,0.8509598890673805,8.672204470473993,0.4272021906637435,-5466269.235055493,35528.81502103701,-1.5300101883143573,0.32770358833546254,18.418672381310284,0.9073237626261224,0.8509598890673805,8.672204470473993,0.4272021906637435,log
watermelon,shoot_no,voxel_vol_02,159.54104260407823,2.5089505757707395,0.82271514662194,9.458314324608951,0.46592681402014535,115951.85710827757,-2.102642263314872,-115949.18155865041,-95.42778535196186,220.5865471112268,10.866332370011172,159.24718127597393,27.161864976682374,1.363642257863906,0.566623109479975,14.788046278170416,0.7284751861167692,13018.905381569557,5.3420863005709665,1.3065190847699928,0.7853327486631517,10.40784519951594,0.5127017339663025,0.12071056295017683,176.22389862173813,1.8095945157528093,-2.175836699664334,40.03197418336522,1.9720184326780896,0.82271514662194,9.458314324608951,0.46592681402014535,linear
watermelon,shoot_no,voxel_vol_001,116794.57717680748,2.720493110693354,0.4662175018096578,16.411946454087296,0.808470268674251,188331.4606690586,-0.6456825877182486,-188328.73842361014,0.4659402817365105,16.41620767512824,0.8086801810408001,4084.9187776876106,0.4636228025893637,-20.50691347173943,0.6663246601565209,12.97597446199776,0.6392105646304315,37.489581686660344,11635.744856923706,-7.757795108978428,0.7566237394930269,11.081971612236863,0.5459099316372839,-216163991.51459876,244293.5049172292,-4.895368629012997,0.468170911040552,16.381888675602305,0.806989589931148,0.7566237394930269,11.081971612236863,0.5459099316372839,log
watermelon,shoot_no,convh_vol,20.395291244656292,5.3301829266541025,0.660534039952361,13.08808305672145,0.6447331555035197,139468.36770775233,-0.0027275219036655405,-139463.03267507517,0.6559697974385488,13.175776277492492,0.6490530185956892,43.5788768349003,0.37499189654935516,-8.027743491066719,0.6288892645349786,13.684523675415393,0.6741144667692311,7753.685827819591,16.019711355724443,0.07912491157752989,0.6305193544325828,13.654436222699728,0.6726323262413658,-10.577226171774862,44.57179518145494,2.737518690115552,0.3147008689284747,18.59593489260495,0.9160559060396527,0.660534039952361,13.08808305672145,0.6447331555035197,linear
