subset,parameter,volume_method,linear_a,linear_r2,linear_rmse,linear_rrmse,exponential_a,exponential_b,exponential_r2,exponential_rmse,exponential_rrmse,power_a,power_b,power_r2,power_rmse,power_rrmse,log_a,log_b,log_r2,log_rmse,log_rrmse,poly2deg_a,poly2deg_b,poly2deg_r2,poly2deg_rmse,poly2deg_rrmse,best_r2,best_rmse,best_rrmse,best_equation
both_species,aboveground_veg_biomass,convh_vol,319.2326360760755,0.9036565860548509,74.23167587263784,0.39484671443747227,104.97116047475942,-0.8083384752076327,0.5509651823653199,160.25746111250191,0.852427636052962,360.71007996235375,0.7900803550724304,0.9287285772409201,63.84633376054645,0.339605900282825,736.2967009267305,0.6788149664213993,0.9336996238681202,61.579512400010046,0.3275484200238565,-63.02888787167384,443.10586962077855,0.922069234262383,66.7625200523189,0.3551174263592338,0.9336996238681202,61.579512400010046,0.3275484200238565,log
both_species,aboveground_veg_biomass,voxel_vol_02,1883.860666427124,0.9296981476526983,63.410566586362656,0.33728800519338387,73.83953972472119,-6.387965775889261,0.8453926328892133,94.03582559401984,0.5001872359573133,2063.569446591786,1.0712664585487943,0.9229467085107628,66.38559425779046,0.3531125152507787,1510539.8288578875,0.0013854864670501705,0.9296694220224382,63.42352017434466,0.33735690679899555,678.1323335690664,1682.7340852892419,0.9234856248802835,66.15303405198804,0.35187550110431737,0.9296981476526983,63.410566586362656,0.33728800519338387,linear
both_species,aboveground_veg_biomass,voxel_vol_01,4725.931910179105,0.8798921200259746,82.88272099292651,0.44086260592909093,66.69114760067818,-17.44928694421365,0.8038256385373245,105.92521970505005,0.563428273509086,6197.305731949615,1.1197237768456993,0.8700122005481781,86.22427382897192,0.4586367049632485,1563260.515557871,0.0033109559948036166,0.8798716236695675,82.88979264102076,0.4409002208284294,6944.68285515083,3945.230653993652,0.8697796478897744,86.30136846364928,0.45904678008071376,0.8798921200259746,82.88272099292651,0.44086260592909093,linear
both_species,aboveground_veg_biomass,voxel_vol_005,17499.87688952308,0.6111620078875641,149.12916821967647,0.7932349823188753,108.96098415732801,-45.64378994008644,-2.0828290687743056,419.9068624994393,2.2335322903408317,13901.268734651434,0.8867338431037545,0.37374250452475,189.25820556380205,1.0066858893959592,58803.709735485674,29.130385628362955,0.5899124205472471,153.14984355846798,0.8146214110728943,-263740.999971753,25322.759375087906,0.2657803345741455,204.92325985849857,1.0900100922653364,0.6111620078875641,149.12916821967647,0.7932349823188753,linear
both_species,aboveground_veg_biomass,voxel_vol_002,153597.6521320597,0.21742682247034073,211.56349304516607,1.1253302467146684,124.70832206259922,-341.2134295944409,-23.700189160362,1188.5799207333819,6.322191585073939,220174.22036871186,0.8142504173414743,-0.6813376975007337,310.10282659339174,1.6494721529425562,81407.21773487759,425.7048091246074,0.20342076158073774,213.44832010396982,1.1353558558997339,-23984137.807131227,232878.5870445272,-1.1885622609136122,353.79989742719744,1.8819018353718258,0.21742682247034073,211.56349304516607,1.1253302467146684,linear
both_species,aboveground_veg_biomass,voxel_vol_001,985328.4928598619,0.14752944653528466,220.80959580427083,1.1745113173676816,118.66133205319402,-2389.9981237853513,-1.5962432975205938,385.34607858318356,2.0496995556315905,343248.5506168274,0.8090595534566649,0.05179632685812963,232.87832369552586,1.238706251663358,2959.785007793334,2872.2906608484245,0.13544390922649274,222.3693041195718,1.1828075830324096,-1068629250.9036287,1420028.0448280526,0.13499314838665044,222.42726583750752,1.183115887992806,0.14752944653528466,220.80959580427083,1.1745113173676816,linear
both_species,leaf_biomass,convh_vol,160.5815529417334,0.9520334229016328,26.520069580924467,0.2912079966427474,48.94185846245995,-0.8476254116777904,0.5781995659598032,78.64277075319167,0.8635499108171446,172.62850099110278,0.8775531510507242,0.9581452676365597,24.772941647485073,0.27202337030445806,642.7881029663798,0.3267955189903899,0.9615439416063161,23.7458477731443,0.26074519667078283,-20.223464841668715,200.3219525640374,0.9573045867479701,25.020495482724257,0.2747416760087947,0.9615439416063161,23.7458477731443,0.26074519667078283,log
both_species,leaf_biomass,voxel_vol_02,932.7782417985767,0.9064191633562008,37.04236927256641,0.406749843315792,35.808739312558835,-6.441172413587533,0.8135052367057556,52.29240496591116,0.5742053746611403,1094.5453396263554,1.1253608319920867,0.8992810883645587,38.429152528288505,0.42197764550704325,776474.7779106178,0.008603741211875626,0.9051947159246029,37.28391996326666,0.40940223050172486,424.15450206584836,807.0804636877273,0.892303029476614,39.73809452882719,0.4363506989613447,0.9064191633562008,37.04236927256641,0.406749843315792,linear
both_species,leaf_biomass,voxel_vol_01,2337.4807437706163,0.856537226202287,45.86431450033403,0.5036206674450815,33.06682572266865,-17.38767630891537,0.7248759836466975,63.51401196058281,0.6974260804763722,3468.899356856933,1.1744997683884872,0.8433499683732406,47.925928833057725,0.5262585635429964,768752.3706376668,0.0034072811248787274,0.8565101844165555,45.86863685690517,0.5036681297940778,3979.509346513352,1891.7504518023377,0.8343963898087553,49.276538794712096,0.5410891589145111,0.856537226202287,45.86431450033403,0.5036206674450815,linear
both_species,leaf_biomass,voxel_vol_005,8725.801561779741,0.6585438709110382,70.75754421000322,0.7769648806493586,50.61566633320797,-48.298526583279,-1.5546886016636732,193.54157914038117,2.1252152207430015,8790.046515308635,0.9613575071098966,0.45578624146782565,89.3285025230557,0.9808863503716667,35178.20072457335,16.724036588411938,0.6383756702697504,72.81722358814302,0.7995815296594313,-83539.77299788083,11225.27479211692,0.3571287254189709,97.08839135422052,1.066095089126988,0.6585438709110382,70.75754421000322,0.7769648806493586,linear
both_species,leaf_biomass,voxel_vol_002,77465.1022042531,0.32581809397710915,99.42459746333157,1.0917481855000126,57.743274038795015,-373.1373779697947,-30.055117561045147,674.7950433949846,7.409698233704983,199227.7227838152,0.888623999486794,-0.7047631641385466,158.10198457162892,1.7360649093267453,43676.29449240963,266.7976940729556,0.30308770427121934,101.0867789982651,1.1100000439036093,-8248757.934802547,105532.93241032357,-1.2624082651802127,182.13389885243635,1.9999513064513568,0.32581809397710915,99.42459746333157,1.0917481855000126,linear
both_species,leaf_biomass,voxel_vol_001,496604.72336584516,0.22481925464318908,106.61217007878822,1.1706725116856773,54.02229482979857,-2668.3675983636235,-1.6521464492462434,197.19869925056244,2.1653728310960987,317217.3975864454,0.8969122186815776,0.12022982799667048,113.57687411830264,1.2471495927268026,9364.937523113373,1579.9626492902125,0.2042634161782929,108.01646434928958,1.1860925964619153,-339290640.14067,635999.4697156176,0.1464381981849714,111.87235510604103,1.2284328406728333,0.22481925464318908,106.61217007878822,1.1706725116856773,linear
both_species,shoot_biomass,voxel_vol_02,951.0824244612176,0.8947768541780254,39.23529412031103,0.40477097748314533,38.06937843859981,-6.334562467724115,0.811101449160703,52.56971043660163,0.5423355057357339,968.9057634156898,1.0137810671506093,0.8776558794795355,42.30705776142697,0.43646083222971727,579953.8136057515,0.03664530437942063,0.8899953183481318,40.11685290207346,0.4138655801311757,253.97782733535212,875.6536220338434,0.8803579583641882,41.83725474510196,0.43161410862521743,0.8947768541780254,39.23529412031103,0.40477097748314533,linear
both_species,shoot_biomass,convh_vol,158.65108352846156,0.7995038081825105,54.15946128294432,0.5587361730037199,56.13982836692264,-0.7700509189358606,0.48574817728293485,86.73795758166911,0.8948322846151123,187.068140887952,0.713577058188602,0.8477090310206503,47.201776778726874,0.48695720916683294,244.90422212142866,1.27779379113609,0.8521265995037414,46.51213787213927,0.4798425482323717,-42.805423229175155,242.78391753986122,0.8279919252615819,50.164407744020124,0.5175211964805612,0.8521265995037414,46.51213787213927,0.4798425482323717,log
both_species,shoot_biomass,voxel_vol_01,2388.4511667649017,0.8468403485975959,47.336207101472695,0.48834405981651446,33.57764286024742,-17.52463028912909,0.8096160512041,52.77599585317968,0.5444636495812414,2753.6670887576474,1.060529911915758,0.8243130209770062,50.698027112233945,0.5230262815861685,659793.0423411578,0.11130719336885614,0.8399468161102855,48.389755827913035,0.4992129970167742,2965.173680846332,2053.480185908977,0.8241144654863205,50.72666762146167,0.5233217514475687,0.8468403485975959,47.336207101472695,0.48834405981651446,linear
both_species,shoot_biomass,voxel_vol_005,8774.075328540532,0.5163662177333308,84.11618864563933,0.8677848009969799,58.3616071163593,-43.134762124488496,-2.558763250014037,228.17645067656383,2.3539827354365523,5662.060132697443,0.8215741294954549,0.2628788869212314,103.8462210197924,1.071329713018573,48352.48991870691,45.095579356272566,0.4939101862565608,86.04686853270918,0.8877026632844391,-180201.2255004981,14097.48453817646,0.1473151555903316,111.69032218523013,1.1522533958250507,0.5163662177333308,84.11618864563933,0.8677848009969799,linear
both_species,shoot_biomass,voxel_vol_001,488723.7697349253,0.048218882322700884,118.00212115465354,1.2173690804608404,64.86773098792708,-2117.5566303757682,-1.5242507708493478,192.17085417885025,1.982530938884359,101072.82733692945,0.7295533992657938,-0.02540943022297859,122.48133893841899,1.2635789382265314,237.8770575502035,4572.627100575576,0.0776523377644337,116.16320807970607,1.1983979306442853,-729338651.1625433,784028.5857969116,0.1218397564244299,113.34651132626671,1.1693394738714826,0.1218397564244299,113.34651132626671,1.1693394738714826,poly2deg
both_species,shoot_biomass,voxel_vol_002,76132.54990914644,0.08005970145139107,116.01151376131385,1.1968329759546128,67.07748007767886,-310.23732175609234,-18.712727535718763,537.0251577857919,5.540220939428813,66907.38180485106,0.7474136529518329,-0.6762032323180893,156.59742217711803,1.615537568078523,38346.375080227845,627.2472967538287,0.07759870717777495,116.16658522841834,1.1984327710046296,-15735379.907789275,127345.6548103682,-1.0577809172917738,173.50853365145278,1.790001077917471,0.08005970145139107,116.01151376131385,1.1968329759546128,linear
tomato,aboveground_veg_biomass,convh_vol,385.98351160815776,0.9239990294503378,55.89963696307102,0.34359300581424707,73.60881432747343,-1.3128573161611727,0.7743182685738499,96.32690814811082,0.5920834858599766,386.09831149936434,0.9823848656563501,0.8892579672754325,67.47698413605922,0.41475438951249916,418610.5297136317,0.07698924534052776,0.8730848869559201,72.2363990853885,0.4440086347491478,-5.882313221107833,390.81619899194203,0.8246332890985473,84.91276765147582,0.5219252691864799,0.9239990294503378,55.89963696307102,0.34359300581424707,linear
tomato,aboveground_veg_biomass,voxel_vol_005,17749.779591258288,0.7448997134987148,102.41295359576016,0.6294920051722114,39.898568129603724,-95.52314835299389,0.9046499082023662,62.61234592048139,0.3848533783879823,291666.23014792934,1.712896627121128,0.834225655346806,82.55779367275737,0.5074501736058635,2511755.2308586887,0.0072371277916861475,0.7448640163671889,102.42011885778204,0.6295360472098577,563770.5617791824,4857.08568415235,0.8533049767909329,77.66173851222548,0.47735605492042643,0.9046499082023662,62.61234592048139,0.3848533783879823,exponential
tomato,aboveground_veg_biomass,voxel_vol_01,4273.889043567525,0.8155621727746263,87.08120236692993,0.5352537815395574,59.38208167720988,-17.36589455729584,0.8355874828752409,82.21799039915365,0.5053615369973619,6110.586067973481,1.1491469609108864,0.7588655649077956,99.57012107774852,0.6120182356996942,1664339.5135346702,0.3089011273477015,0.7834558665087112,94.35667520468027,0.5799732415727951,9022.617156351826,3237.0910127766656,0.7503968220776716,101.303505387678,0.62267266491671,0.8355874828752409,82.21799039915365,0.5053615369973619,exponential
tomato,aboveground_veg_biomass,voxel_vol_02,1739.5833134377554,0.8298486018754926,83.64060763383257,0.5141058036570791,63.11561177811858,-6.714597259322348,0.8236276825718909,85.15587756437101,0.523419569869865,1880.3997794605773,1.055336658074988,0.768481820561313,97.5645324270975,0.5996906738345005,1395659.7196177177,0.23781210748445983,0.7804780147748035,95.00324267436298,0.5839474366201933,712.4001640364571,1525.160747668317,0.7373586463213662,103.91565329726875,0.6387285071483978,0.8298486018754926,83.64060763383257,0.5141058036570791,linear
tomato,aboveground_veg_biomass,voxel_vol_002,165463.13449174297,0.27361647308270887,172.81538830689985,1.0622279847461444,13.57443459881532,-1710.5435634503635,0.5336016669211313,138.47708503802133,0.8511639872731458,2648076275789.6587,2.9887110871040483,0.34416026768265184,164.20950051351733,1.0093309890718813,1715655.036418799,0.10101122871473281,0.27357970896198236,172.8197615650859,1.0622548654381665,134426722.27055845,-60501.44307566616,0.4051370536318676,156.38960298603942,0.9612651653456816,0.5336016669211313,138.47708503802133,0.8511639872731458,exponential
tomato,aboveground_veg_biomass,voxel_vol_001,923737.3099584755,-0.11554281153851154,214.16206176961484,1.31636966772093,72.90984311881054,-4563.610759318317,-5.390059035951126,512.5684297223962,3.150555835812558,86521453482742.17,1.1692889423759276,-2.871850105897539,398.9869454190507,2.4524152804023,115491.24033528614,1600.5405238125647,-0.16787283176443424,219.12765744905144,1.346891224529662,-148795253.04211158,984704.0915347867,-1.4060523807395438,314.5226724591583,1.933246731072063,-0.11554281153851154,214.16206176961484,1.31636966772093,linear
tomato,leaf_biomass,convh_vol,167.8887464476511,0.958591065771203,18.076352719593547,0.263341905820362,29.921936254266054,-1.3629892670613821,0.7070155513212641,48.08239203472217,0.7004791813505972,165.0787368322324,1.0627853902292557,0.9485118130535444,20.156614050499037,0.29364779727883383,756090.3531279347,0.011099310327462758,0.9478890198958541,20.278153270641873,0.2954184182863362,10.821436682715618,152.19475078050934,0.9359523391133521,22.480989213009057,0.3275100146537704,0.958591065771203,18.076352719593547,0.263341905820362,linear
tomato,leaf_biomass,voxel_vol_005,7677.794583649068,0.7551211460835443,43.95815161316414,0.6403959693485863,15.44493536641879,-100.12956576458517,0.9403613338855558,21.69340584873325,0.3160362562381143,222056.27149723956,1.8754432146430695,0.9207556633287437,25.00621136817503,0.3642982332328645,1245364.7355284763,0.006299041268103238,0.7550885163136287,43.96108019718068,0.6404386338677088,285755.2672097746,1156.517645207678,0.9294745183947903,23.590481803682977,0.3436734463954481,0.9403613338855558,21.69340584873325,0.3160362562381143,exponential
tomato,leaf_biomass,voxel_vol_01,1863.3169888741297,0.8613747441793664,33.073865876207286,0.4818303231739165,23.454309775514414,-18.220521568509145,0.9000404285597282,28.08509991965645,0.40915243537933826,3476.0004983148756,1.270731660234425,0.851762124848077,34.20135962627646,0.49825600138177334,968300.2032667175,0.0021623063448665317,0.8613091082746869,33.08169481111521,0.48194437752277647,6004.055597071302,1182.2231359017023,0.8625255014465025,32.936303255228914,0.47982626829957103,0.9000404285597282,28.08509991965645,0.40915243537933826,exponential
tomato,leaf_biomass,voxel_vol_02,759.0157270670007,0.8811627571541591,30.62245916243655,0.4461174708104264,24.985353827415683,-7.048347578516888,0.891360294434897,29.279123432291303,0.42654733977677006,943.1819155623316,1.1625940660367449,0.85607554711637,33.700091045177054,0.49095336541741197,787896.8267193906,0.03625761911045326,0.8713571077306241,31.860800149731297,0.46415800590665685,649.5911412667566,569.8310182288933,0.8528387057498275,34.076939241476175,0.49644340667506054,0.891360294434897,29.279123432291303,0.42654733977677006,exponential
tomato,leaf_biomass,voxel_vol_002,71087.30690017807,0.2738145344217271,75.69854931312443,1.102799915070648,4.862365828487335,-1802.7886816011037,0.6280179864783164,54.17822232567761,0.7892851252973356,1596663955535.9373,3.2190913246046273,0.4539304292314762,65.64290145066268,0.9563061221337137,829592.4259955054,0.09166614151851893,0.27376664610333523,75.7010452433249,1.1028362765549575,64402756.01780654,-37072.725211379104,0.4884820287234488,63.53224892259911,0.9255574823009475,0.6280179864783164,54.17822232567761,0.7892851252973356,exponential
tomato,leaf_biomass,voxel_vol_001,396724.760946423,-0.09849749938240482,93.10292318533253,1.3563522248875175,29.263856811772715,-4845.442117747362,-6.011336532192598,235.21455220742246,3.4266784575322475,204889812433553.6,1.2527035106186066,-3.2356992194421643,182.82110814667172,2.6633945348582233,68160.09983036992,892.2150441962606,-0.1384936594199644,94.78270278490055,1.3808237744290863,88113065.4116452,384788.82992340217,-1.47328173222123,139.70134116799423,2.0352124125661235,-0.09849749938240482,93.10292318533253,1.3563522248875175,linear
tomato,leaf_no,convh_vol,964.4145102009597,0.9588030917815834,105.81805167151242,0.27784184609924495,170.59921522605333,-1.3683638205850515,-0.02016434133615408,526.5777671548614,1.3826122918544748,947.315203806101,1.0909568569950077,0.9268671120098323,140.98853926667203,0.3701874624406243,3615364.475029464,0.005290823456345344,0.9565312993058723,108.69655466983671,0.28539980595981135,62.40649795713744,883.9407793248995,0.9035004381693641,161.95341858642132,0.42523403229743034,0.9588030917815834,105.81805167151242,0.27784184609924495,linear
tomato,leaf_no,voxel_vol_02,4354.509695304607,0.9132127785807331,153.58731251889483,0.403267512240159,136.86363401797774,-7.213187061193669,0.8063336764811583,229.43227056992382,0.6024103128242562,6014.264335396366,1.2446846450971056,0.922324685311259,145.30111927495247,0.38151081580070045,5676697.377404513,0.0007783866911615295,0.9131885547207027,153.6087455013282,0.40332378788795853,5016.858303197201,2922.1920017056,0.9220688488303537,145.54020918631565,0.38213858376001864,0.922324685311259,145.30111927495247,0.38151081580070045,power
tomato,leaf_no,voxel_vol_005,43587.24157993804,0.7427542785698338,264.42440095448285,0.6942876244116204,85.44665918754609,-101.72674291560345,0.6982065077713714,286.4061796631406,0.752004222671412,1741629.9850359242,1.954880966141889,0.9071716692981401,158.8428678250056,0.41706679473932456,6657800.97092918,0.006754625104680412,0.7427190911275047,264.4424850263034,0.6943351069707893,1776082.8121995372,3236.9020909063984,0.9171403516019845,150.07176561162484,0.3940368939540037,0.9171403516019845,150.07176561162484,0.3940368939540037,poly2deg
tomato,leaf_no,voxel_vol_01,10663.021236169445,0.8824581986474591,178.74076817914298,0.4693118444313582,128.517673263703,-18.625120308111814,0.7936783642389664,236.80988952674417,0.6217814053590432,24031.754888648276,1.3594236443462353,0.9116229913737878,154.9876515980508,0.4069443215252647,6156556.853231026,0.0017725248068944414,0.8824293267080263,178.7627189903092,0.46936947971949156,42500.353867303565,5906.900885721653,0.9128501384940407,153.90786002760316,0.40410915986242396,0.9128501384940407,153.90786002760316,0.40410915986242396,poly2deg
tomato,leaf_no,voxel_vol_002,399511.3482486852,0.2558509369310267,449.7357574439102,1.1808515761843104,27.92788552977022,-1796.1360530511263,0.6009667151067861,329.33054338241806,0.8647088535922455,1461103660407.9182,3.1701585978001896,0.5512095763839095,349.2603136485578,0.9170375827231452,4184646.6085879984,0.09942352650264226,0.255793238522674,449.753192481925,1.180897354603704,384085053.55260235,-244471.82966986278,0.5317531677335149,356.7507321249439,0.9367048480399878,0.6009667151067861,329.33054338241806,0.8647088535922455,exponential
tomato,leaf_no,voxel_vol_001,2215093.249948466,-0.10267818225614689,547.4593026376435,1.4374400294311722,162.47359825893142,-4831.651212733313,-5.210261343870659,1299.219072692756,3.41130289154137,466135619524333.4,1.2598549368817005,-2.863073061013068,1024.6933316690656,2.690492618785994,275188.06527039723,718.8851493443648,-0.1343503916823603,555.2659745658835,1.4579376676523574,631127784.8853016,2116387.6105288,-1.4598113161650907,817.6705321657611,2.1469218774044743,-0.10267818225614689,547.4593026376435,1.4374400294311722,linear
tomato,shoot_biomass,convh_vol,218.09476541568515,0.8811109329858318,39.53846722267088,0.42040156841579446,43.7794856813419,-1.2749632560378976,0.7777423009239272,54.06015376730036,0.5748066384207408,220.6795006310208,0.9253179438544573,0.8294032606720226,47.362457950787494,0.5035918943039174,85687.04137192908,0.2490166315220406,0.795513825157268,51.8538306720411,0.5513474161788845,-16.70375005475656,238.62144919311677,0.6931846283716423,63.51662694247615,0.6753546979126949,0.8811109329858318,39.53846722267088,0.42040156841579446,linear
tomato,shoot_biomass,voxel_vol_005,10071.985005598166,0.723253754156456,60.32394548197623,0.6414078004296132,24.614283620543908,-92.0575998125762,0.8516121649543198,44.172097179930375,0.46966967207089394,108476.39766453687,1.592205683452823,0.7546134751654126,56.803386046537966,0.6039746672728825,1342922.6546855906,0.007930490720738217,0.7232087120713511,60.328854321354164,0.6414599947587954,278015.29393838946,3700.5680650606087,0.7751266953712076,54.377322661410425,0.5781790074047392,0.8516121649543198,44.172097179930375,0.46966967207089394,exponential
tomato,shoot_biomass,voxel_vol_02,980.5675866958717,0.7749611269985544,54.397337283083395,0.5783918173322252,38.267552854987606,-6.462758066331104,0.7518032079433213,57.12772791449442,0.6074233045006205,960.1935253832419,0.9804384868540632,0.692143753583434,63.62427617467672,0.6764993023760143,381590.8909397119,0.6056742319462295,0.6892684745051628,63.920700870986686,0.6796511040516855,62.80902241674772,955.3297290902677,0.6259466451266675,70.13190676867187,0.7456931356366391,0.7749611269985544,54.397337283083395,0.5783918173322252,linear
tomato,shoot_biomass,voxel_vol_01,2410.572056013237,0.7652442773499646,55.55932536128446,0.5907469146556764,36.075886287508354,-16.719123352238487,0.7654263056938593,55.537780980824984,0.5905178392268111,2846.974699719201,1.0628290742264794,0.6791438463225863,64.95372408720357,0.6906349537255163,701288.3958261479,0.84719589829271,0.6992476724141502,62.885912664319754,0.6686484877233644,3018.5614553115834,2054.867890993999,0.6414432181255505,68.66380091551012,0.7300831728175514,0.7654263056938593,55.537780980824984,0.5905178392268111,exponential
tomato,shoot_biomass,voxel_vol_002,94375.82763094096,0.2667934863318827,98.18881684710307,1.044014487737769,8.90528982050942,-1639.3727519624877,0.452531001308796,84.84546524839035,0.9021383267720308,1072118277404.0416,2.8016797789528236,0.25950547190679063,98.6756046947695,1.0491903680644443,948729.6237279145,0.1072723463458883,0.2667570871566264,98.1912540510357,1.0440404018519924,70023965.53764893,-23428.716637477333,0.3308371313286931,93.80258068689156,0.9973768537897926,0.452531001308796,84.84546524839035,0.9021383267720308,exponential
tomato,shoot_biomass,voxel_vol_001,527012.5499418186,-0.12982887576697055,121.8863872751055,1.2959841890281518,43.81077922173103,-4345.7582495493025,-4.865100287318802,277.70684910365406,2.9527799918364668,11251922719631.734,1.105057693484034,-2.5523014707908294,216.12438849503556,2.2979907487187554,79345.71460888349,2313.6800278773603,-0.19088022745046995,125.13618539121067,1.3305383920869374,-314230446.5561225,620059.5851126482,-1.350729778878589,175.81269214378858,1.8693676491908047,-0.12982887576697055,121.8863872751055,1.2959841890281518,linear
tomato,shoot_no,convh_vol,50.06839253216947,0.9540477741989333,5.43867322129108,0.24882818659501674,10.679342286338374,-1.2355250721321276,0.4243445893160772,19.24956787661373,0.8806991838973602,50.88720470274302,0.9241522283315905,0.9494987727364563,5.701520042791725,0.2608538581669417,403.91065774161723,0.22329227170674928,0.9478855893850616,5.791867319355281,0.2649873936959932,-4.637956915536973,56.46614195518244,0.9475281888371628,5.811693693711977,0.2658944827188486,0.9540477741989333,5.43867322129108,0.24882818659501674,linear
tomato,shoot_no,voxel_vol_02,225.5600658333647,0.8982987722575552,8.091010915654092,0.37017696999724603,9.083922544990946,-6.3822842585092685,0.8385730490135944,10.193602896997604,0.46637398875152436,229.20288925055428,1.011107655004123,0.8667616826297119,9.26092269411932,0.42370234548258323,133658.7225907944,0.07677740787681807,0.8893517390583335,8.439408043803686,0.38611670788644314,59.76951512591051,208.08837933468752,0.8738159393057174,9.012430710603882,0.41233343120409915,0.8982987722575552,8.091010915654092,0.37017696999724603,linear
tomato,shoot_no,voxel_vol_005,2297.704915176585,0.7826309528597275,11.828741472079459,0.5411842503565766,6.024542559041273,-89.55362780144453,0.8352917513865034,10.296683505607964,0.47109009502781535,22275.836547909155,1.5793187231706105,0.8674321418630818,9.237592686559982,0.42263495951581614,321912.8918132601,0.007379235837694427,0.7825943450616275,11.829737487738267,0.5412298197004436,62776.03235314359,867.4035659050131,0.8787213375194772,8.835515407506747,0.40423926701011265,0.8787213375194772,8.835515407506747,0.40423926701011265,poly2deg
tomato,shoot_no,voxel_vol_01,553.4924185689049,0.8755363413554751,8.950781812058699,0.4095128933621627,8.591151286574284,-16.475164672375467,0.8367049631823493,10.25241510250098,0.4690647432516788,690.3115462061577,1.0931377691625512,0.8488399424331337,9.864116969402362,0.45129946918834335,203869.43789548628,0.00300028127665871,0.8754876960914806,8.952530798924178,0.40959291236908,942.3179668705053,447.0391983881835,0.8660774234367014,9.284672455162493,0.42478893585710753,0.8755363413554751,8.950781812058699,0.4095128933621627,linear
tomato,shoot_no,voxel_vol_002,21742.349042170314,0.3130566103801833,21.0281062894979,0.9620702223953287,2.455158896044442,-1530.0532287892045,0.5855507403804137,16.333353941327577,0.7472776313025689,1148809000.1137705,2.528432907805363,0.44745843348777736,18.859152246492087,0.8628370308852589,214993.47532581436,0.10716700736269812,0.31301167547244657,21.028794032169785,0.96210168774633,15622832.020407034,-4491.139406196963,0.46277358754060993,18.59594989665246,0.8507950933108969,0.5855507403804137,16.333353941327577,0.7472776313025689,exponential
tomato,shoot_no,voxel_vol_001,122464.03790222523,-0.10304232765854171,26.646230371169388,1.2191085790731093,10.18707931591295,-4289.40277198989,-4.200973969563503,57.86047961700848,2.647211485745486,296261810620.9191,1.0928633881091383,-2.229449003020274,45.593602085242146,2.0859817947496406,16767.211515903367,1910.2480903959101,-0.15996483123730987,27.325121409464202,1.250168953374179,-70792040.44418283,143492.60655249577,-1.3750219518597624,39.09970702526303,1.7888754848159556,-0.10304232765854171,26.646230371169388,1.2191085790731093,linear
watermelon,aboveground_veg_biomass,voxel_vol_02,2016.7213542210898,0.9827943120596216,36.52910528196311,0.16348873400301256,82.57252328008235,-6.451817900817508,-1.1854419015462465,411.6922076365197,1.84255916770658,2071.6226131551552,1.0224531302138398,0.9769978377007482,42.23644392176289,0.18903235357827955,729572.025157997,0.42945984958825595,0.963904424038554,52.909054684599674,0.23679841871058552,-363.35748715777265,2094.062555986318,0.8772027790833091,97.58819452602289,0.4367632399848855,0.9827943120596216,36.52910528196311,0.16348873400301256,linear
watermelon,aboveground_veg_biomass,convh_vol,291.4699038034724,0.9476206584268138,63.73573985949246,0.2852540553605857,94.65314194359473,-0.8161983902931418,0.7151618969904419,148.62848689446898,0.6651978736297759,356.5787033060469,0.7229911213054515,0.9503780942470115,62.03542100069905,0.27764415154608296,649.3212027889746,1.0654444164822512,0.9267093997990438,75.39232789538015,0.3374239841357896,-52.917805377884164,403.98811173208617,0.8354344523402863,112.97243089473967,0.5056165367768688,0.9503780942470115,62.03542100069905,0.27764415154608296,power
watermelon,aboveground_veg_biomass,voxel_vol_01,5191.995532505192,0.8782420055336283,97.17437524299017,0.43491116093266574,65.75435601018197,-18.880226335430628,0.7894748372508974,127.77768630215175,0.5718785611124119,5254.355017580692,0.9926528303756527,0.8516035922805759,107.27899790334965,0.4801351529677519,386174.8683641924,3.8366487917420002,0.8423628870221147,110.5687119389213,0.49485851338832904,-4924.138891396536,5680.041059984884,0.7327201911258028,143.97466946661268,0.6443693667805522,0.8782420055336283,97.17437524299017,0.43491116093266574,linear
watermelon,aboveground_veg_biomass,voxel_vol_005,17609.572652912284,0.08362879360951003,266.5868551466585,1.1931293447609304,136.25859614737988,-39.07266323416861,-6.015555915065212,737.6223362698604,3.3012837571099443,5590.313211080103,0.6121957477790895,0.20262469784928572,248.6763040162339,1.112969337911401,327.597651081921,224.1789828675809,0.47043555053212105,202.6573807845747,0.9070082161907254,-776747.7956191344,43763.932761176824,0.8245784395493325,116.63919108953978,0.522027395392574,0.8245784395493325,116.63919108953978,0.522027395392574,poly2deg
watermelon,aboveground_veg_biomass,voxel_vol_002,152163.37111466416,-0.6077168909519675,353.1081986885846,1.58036206811191,151.02979063240903,-299.9521087623358,-11.060337872529074,967.1253154685737,4.328441450393061,36855.27535397394,0.6205851457709967,-0.5543180998959363,347.1946035410987,1.5538953321596825,392.03358923077366,1513.9651326979097,-0.030537198330663262,282.70588586275994,1.265271268434936,-58325018.97759004,383181.30878234084,0.5469039282312791,187.4554893533983,0.8389710177608624,0.5469039282312791,187.4554893533983,0.8389710177608624,poly2deg
watermelon,aboveground_veg_biomass,voxel_vol_001,1074918.9810545794,-0.3690918171937305,325.8511826026813,1.458371260557573,143.9299024357276,-2305.8514158223,-15.955595532149708,1146.7256797188227,5.13225627014041,1228314.0693538578,0.7068570959440372,-1.1363628277985707,407.0432155683667,1.821752257114448,93705.46266565242,6503.951141526389,-0.37818932497457447,326.9320178391532,1.463208619236705,-1992023634.717008,2165746.3155747973,-0.9329254528842739,387.1779059196493,1.7328435827853705,-0.3690918171937305,325.8511826026813,1.458371260557573,linear
watermelon,leaf_biomass,voxel_vol_02,1095.5357489148112,0.9874983838733022,16.75404462525339,0.1368045647011308,47.365198668534646,-6.289182736042393,-1.924737682146369,256.25954368458434,2.0924783303631536,1015.099163246004,0.9369191778948555,0.9861902380439199,17.608796905411918,0.14378401451339476,1487.3376131057587,1.0387730309729748,0.9864028549549629,17.472717422969307,0.14267286226468603,-514.4119452910811,1244.0528546312494,0.9747163934325358,23.82627225752293,0.1945525917800136,0.9874983838733022,16.75404462525339,0.1368045647011308,linear
watermelon,leaf_biomass,convh_vol,157.78961985312463,0.9378234662142955,37.36369702960945,0.3050919597084067,54.25925547303814,-0.7893780252102053,0.6490842668241816,88.76423371232065,0.7248012420678276,201.05175543474235,0.6688603525430515,0.9626288725111367,28.96707798588026,0.2365296609362543,247.96447965289593,1.6828643109514168,0.9478524647859636,34.217910119991586,0.27940514685581896,-37.319012313697236,238.07442893757488,0.8663384269171459,54.78225085006085,0.44732255097341195,0.9626288725111367,28.96707798588026,0.2365296609362543,power
watermelon,leaf_biomass,voxel_vol_01,2831.72593518741,0.9193416953951542,42.55603258448846,0.3474897938586595,37.59137778254829,-18.44524762122742,0.8143543512302681,64.56229731473616,0.5271811779069966,2528.629558370828,0.9422508161573429,0.9043096403519829,46.352235206543234,0.37848755343515583,88599.9567259092,4.9516931127709976,0.8931965820026498,48.96989399944883,0.39986195464450686,-4667.52262326271,3326.5464063588056,0.8284023871366365,62.071495518287605,0.5068426230599884,0.9193416953951542,42.55603258448846,0.3474897938586595,linear
watermelon,leaf_biomass,voxel_vol_005,9728.14089130807,0.19706639438431717,134.26920135939952,1.0963704619154506,73.06868473450734,-40.20394509894521,-6.138227637320546,400.34258116300083,3.2689833274514832,3219.477246718706,0.6272047337527368,0.2967435323509756,125.65895845022571,1.0260638249506047,189.9043447650219,203.2579046097009,0.5454136213494141,101.02870759223471,0.8249463740618673,-389755.0682252905,22881.35095294207,0.8461959818333951,58.76522847779373,0.47984541531836106,0.8461959818333951,58.76522847779373,0.47984541531836106,poly2deg
watermelon,leaf_biomass,voxel_vol_002,84774.26455391152,-0.48589159172346674,182.6544051637916,1.4914581492466672,80.97793374401797,-312.1336440133267,-12.089894300855615,542.1315197008552,4.426755939974484,22465.61655018071,0.6401711994313728,-0.4825959223146872,182.45173132903741,1.4898032231461324,234.87069867487816,1350.5990431551577,0.03488374117425097,147.20630246211257,1.202007907943467,-29809087.748942018,203340.22089410792,0.55699579468994,99.73337424497822,0.8143693749743051,0.55699579468994,99.73337424497822,0.8143693749743051,poly2deg
watermelon,leaf_biomass,voxel_vol_001,599658.7430730641,-0.26244747115500955,168.36167838574423,1.3747513892374617,76.86593073067954,-2409.5513711936396,-17.99473668892326,653.0602150352788,5.332540317271418,826808.4609001852,0.7334683703588787,-1.11988995469452,218.16910330498948,1.7814521732792463,61069.545647433064,5613.208986589491,-0.2745171111691975,169.16457556863062,1.3813074180687908,-248968944.8351232,730669.9475306675,-0.29341235858758585,170.41392972805292,1.3915089757081736,-0.26244747115500955,168.36167838574423,1.3747513892374617,linear
watermelon,leaf_no,convh_vol,471.79121354382676,0.8946238360679115,142.94055014358815,0.37665494108982384,181.6239784892057,-0.7368845515940154,0.5558131411678726,293.47229605549705,0.7733130330843138,638.921515030673,0.5866226356505977,0.9716487193488569,74.14307560684246,0.195370423206436,461.32787376257636,3.685473532074498,0.9793276843046897,63.310948683545455,0.16682726925835428,-156.67929096855096,811.6069365944037,0.891441119454304,145.08313623042545,0.3823007542303701,0.9793276843046897,63.310948683545455,0.16682726925835428,log
watermelon,leaf_no,voxel_vol_02,3281.1877868422243,0.9554621848886558,92.92845375963672,0.24487076089495843,160.11755233694035,-5.8410322408362445,-1.5038090489492517,696.762645226986,1.8360017002028617,2523.300873734582,0.7865558665942586,0.9713724066157501,74.50350027142028,0.19632015881797174,1079.8929461965395,5.255172408862721,0.9774077948050103,66.18560893167752,0.17440213157227277,-4835.034082737016,4671.243525118181,0.8158738429323937,188.9478704083669,0.4978863515371987,0.9774077948050103,66.18560893167752,0.17440213157227277,log
watermelon,leaf_no,voxel_vol_005,29317.2834956236,0.1629133255083588,402.8742139604247,1.061592131648023,230.1608742225551,-38.82777244062284,-5.551193708255697,1127.0533583539382,2.969837571420127,8416.464753452134,0.5982133886681107,0.360764827374112,352.0583007772907,0.9276898571206605,496.4184253861037,239.8700291592715,0.6091718401142237,275.2815981227015,0.7253797051981594,-1247817.8656813991,71101.47345243729,0.9283706913163706,117.85001354316724,0.31054022014009813,0.9283706913163706,117.85001354316724,0.31054022014009813,poly2deg
watermelon,leaf_no,voxel_vol_01,8499.230526032217,0.9128728893196377,129.97532528681324,0.34249097572282805,132.8970962075735,-16.94626673291419,0.7727876302471548,209.8941055955174,0.5530806471555135,5309.972032567331,0.785253001886254,0.91544340299127,128.04363806966415,0.33740089082915453,883.5206144047557,20.26667897838917,0.9176223759636376,126.38306624509045,0.33302520749694453,-41821.611056683214,13084.176365525287,0.8375892995620626,177.4563631164271,0.46760569991153383,0.9176223759636376,126.38306624509045,0.33302520749694453,log
watermelon,leaf_no,voxel_vol_002,256186.7615199377,-0.5786507228450024,553.2574660672426,1.4578589356185576,254.30613721019367,-301.81371728737935,-11.626114584344052,1564.6569015374541,4.122943087055215,57298.7066195411,0.6185581624598206,-0.45823780934080216,531.73890166535,1.4011565261274044,643.1124424258776,1508.6585285692083,0.06025786016607726,426.86309395861025,1.1248039366498295,-93496487.21988492,626380.5888789999,0.641986836043712,263.4715672259415,0.6942597291856166,0.641986836043712,263.4715672259415,0.6942597291856166,poly2deg
watermelon,leaf_no,voxel_vol_001,1817021.748335986,-0.3377233482979869,509.2926522963827,1.342009623969388,242.06075375792634,-2325.8744275331546,-17.082976238509165,1872.488731153151,4.934094153236234,1839059.7945880084,0.7077124359727527,-1.0855059618320801,635.9016835561129,1.6756302596999022,181371.61124990793,6317.289568958271,-0.3329572291858338,508.38457388735947,1.3396167954871132,-3199439436.9492717,3568479.481762116,-0.8805192347291066,603.8417635930374,1.591150892208267,-0.3329572291858338,508.38457388735947,1.3396167954871132,log
watermelon,shoot_biomass,voxel_vol_02,921.1856043096022,0.9597151021415761,25.91824658065863,0.25669763272183893,35.153277390089954,-6.664289616315372,-0.5063445655534626,158.48809540759353,1.5696863898224542,1105.4283229887242,1.1467048267499202,0.9420670484797193,31.081166617794956,0.3078318538328476,741905.5618850758,0.5115860095244842,0.9214132689567938,36.20004378780282,0.35852986874854237,151.05438181603762,850.0097186040277,0.653824885078835,75.97704640836939,0.7524863957726151,0.9597151021415761,25.91824658065863,0.25669763272183893,linear
watermelon,shoot_biomass,convh_vol,133.68028412150164,0.9423486355740771,31.005538533226453,0.3070828235998183,40.34337253282012,-0.8503351051201615,0.7740415683863464,61.38309181904765,0.6079460009017477,153.71853726353953,0.8055304686032173,0.919525600218375,36.632229975319184,0.36281029608706905,756.8556629054659,0.6224374577239266,0.8835912676644222,44.05825212463614,0.43635857028599306,-15.598792744371826,165.9136819742004,0.7863552694364141,59.68711350585555,0.5911488145338677,0.9423486355740771,31.005538533226453,0.3070828235998183,linear
watermelon,shoot_biomass,voxel_vol_01,2360.2695931930434,0.8155019694404086,55.46644750303431,0.5493467980254567,28.086943835183387,-19.464267257741717,0.737034932763982,66.21913659144771,0.655842807537514,2954.4493344730886,1.0717058283114094,0.7683454551847695,62.15196965835217,0.6155610654697744,328745.3594339374,3.4762414865908147,0.7704214588773903,61.872851249365716,0.6127966410086931,-256.61568738704443,2353.4945828668488,0.5916902523406882,82.51432625765968,0.8172324524370066,0.8155019694404086,55.46644750303431,0.5493467980254567,linear
watermelon,shoot_biomass,voxel_vol_005,7881.431771656874,-0.051314175390452244,132.40388977719493,1.3113450774224997,63.13992554296988,-37.73915917634435,-5.860116411800054,338.2207331807068,3.3497814473962726,2393.737199520313,0.5955236088593464,0.08899593213928869,123.2521892236462,1.2207054633512222,140.02720827988873,249.22910210629547,0.37569318211437897,102.03132412432787,1.0105312982759673,-386992.720403445,20882.581635866947,0.7894187138141151,59.257642680599844,0.586895280490847,0.7894187138141151,59.257642680599844,0.586895280490847,poly2deg
watermelon,shoot_biomass,voxel_vol_002,67389.10614978841,-0.743774132546726,170.52167869845013,1.6888685395219292,70.04392882848083,-285.21059337335043,-9.934708422913666,427.010040951448,4.229162120191031,14760.20908832686,0.5978248279840838,-0.6338645554720921,165.06025420951082,1.6347778920995844,161.50568849403814,1726.7643446711384,-0.1092985441737695,136.00619962150884,1.3470228153623807,-28515931.118246187,179841.0874672702,0.5156451836818325,89.8703214790399,0.8900871709753576,0.5156451836818325,89.8703214790399,0.8900871709753576,poly2deg
watermelon,shoot_biomass,voxel_vol_001,475260.23899085866,-0.48927708735984066,157.58767127862103,1.560768473958294,67.07952368392108,-2179.8826178902355,-13.827164960206018,497.23712141384004,4.924700117005785,439768.30696821556,0.6755327862152585,-1.15176816191796,189.42278718135879,1.8760675380453096,31865.64321589088,7724.454023430486,-0.49447001019418213,157.8621764401192,1.5634872082255689,-998670749.2173172,1016142.9001116508,-0.7964098056548361,173.07613663149937,1.7141682179650917,-0.48927708735984066,157.58767127862103,1.560768473958294,linear
watermelon,shoot_no,voxel_vol_01,443.7378238763915,0.9385274662472438,5.569529177316366,0.274361043217555,6.238390766704205,-18.128734394276286,0.7355623778669815,11.551531002622227,0.5690409360897648,864.3572429118179,1.1829917501565297,0.8467746694581066,8.793124248226272,0.4331588299618853,111642.43133651558,0.8068311981696816,0.9237976482720353,6.201005459233872,0.3054682492233434,884.428219527126,348.6896131217806,0.8601157284010751,8.401607125516732,0.4138722721929424,0.9385274662472438,5.569529177316366,0.274361043217555,linear
watermelon,shoot_no,voxel_vol_005,1625.638227314398,0.8373969885936551,9.058206532518218,0.4462170705673999,10.123995785553742,-47.12858506580679,-2.240735257307426,40.43893443440245,1.9920657356848497,709.1822968958156,0.7542977598279527,0.8789817664154194,7.814538428411191,0.384952631941438,56.601874842439216,56.883238922706006,0.8958486663522743,7.249538224740858,0.3571201095931457,-23498.911716481853,2402.8777255151417,0.8753467963052775,7.931031024803391,0.39069118348785176,0.8958486663522743,7.249538224740858,0.3571201095931457,log
watermelon,shoot_no,voxel_vol_02,167.37112842423227,0.8111451893665861,9.762070784097348,0.4808901864087364,8.82205394771102,-6.040638682814085,-20.247829557950695,103.54644983405998,5.100810336653201,2013.8566290690674,1.062272395909569,-12.616508997629353,82.89165582429723,4.083332799226464,11969.23333618545,6.572671885041996,0.7804934585983385,10.524504542100424,0.5184484996108583,-99.9374129788392,207.4271106107987,-0.6899547886038278,29.202193168962115,1.438531683200104,0.8111451893665861,9.762070784097348,0.4808901864087364,linear
watermelon,shoot_no,voxel_vol_002,14842.3514958235,0.49571176023554964,15.952081013696592,0.7858167987042656,11.400873929397417,-379.2963160781433,-5.951643787789567,59.227265442163485,2.917599282865196,4621.794599626126,0.7628975135187548,0.5373567672017042,15.279214695210879,0.75267067464093,55.03132555789654,563.328812805286,0.6992463496811709,12.319224792469058,0.6068583641610373,-2586611.8493603757,24879.583878983227,0.7311474384537491,11.647561593820988,0.5737715070847778,0.7311474384537491,11.647561593820988,0.5737715070847778,poly2deg
watermelon,shoot_no,convh_vol,23.092458002147875,0.6264614211620845,13.729213461353151,0.6763159340568055,10.890627129059265,-0.647212117594496,0.4024207645626249,17.36503550223995,0.855420468090638,34.08143208832239,0.4788713207798578,0.6936282796201467,12.43375381053034,0.6125001877108541,33.649320557036404,15.593904626508888,0.6300072467406265,13.663895609313343,0.6730983058775045,-11.631731096512832,48.259976330869094,0.2820793816558431,19.033389693447802,0.9376054036181183,0.6936282796201467,12.43375381053034,0.6125001877108541,power
watermelon,shoot_no,voxel_vol_001,106349.68298794705,0.54757827508083,15.109484657375393,0.7443095890332706,10.602150852514235,-2963.362383777655,-9.562681220686176,73.00708575727737,3.5964081653831212,105978.45018304407,0.8925687331562843,0.19717817013967798,20.127392368755004,0.9914971610224139,7807.537599110347,1704.1035893864234,0.49701922806677945,15.931388116709178,0.7847974441728659,-65644186.77317848,143226.35248911165,0.23567235830572542,19.638924901209535,0.967434724197514,0.54757827508083,15.109484657375393,0.7443095890332706,linear
